Title,Brand,Price,ItemStatus,NbFavourite,UserRating,NbEvalUser,Description,URL,bonne_affaire
Beanie Carhartt,Carhartt,5.0,Good,3,4.9,376.0,"Gedragen, licht pluizig. One size",https://www.vinted.fr/items/5768732373-beanie-carhartt,0
Gorro laranja üçä,Carhartt,5.0,Good,9,5.0,91.0,"Usado. 
Confort√°vel e adapt√°vel.
Aproveite e veja outras pe√ßas na minha loja para obter descontos e pagar apenas um envio!‚òÄÔ∏èüíú",https://www.vinted.fr/items/5767251162-gorro-laranja,1
Carhartt Heart beanie,Carhartt,18.0,Good,4,5.0,33.0,Sch√∂ne M√ºtze f√ºr den Winter. Wurde wenig getragen.,https://www.vinted.fr/items/5767241616-carhartt-heart-beanie,0
Bonnet carhartt,Carhartt,3.0,Good,14,4.6,10.0,Bon √©tat,https://www.vinted.fr/items/5765809703-bonnet-carhartt,0
Cappello Carhartt lana grigio,Carhartt,5.0,Good,6,5.0,12.0,Cappello Carhartt lana grigio,https://www.vinted.fr/items/5765624856-cappello-carhartt-lana-grigio,0
Carhartt beanie,Carhartt,4.99,Good,31,4.4,117.0,A bit worn,https://www.vinted.fr/items/5765550975-carhartt-beanie,0
Carhartt M√ºtze,Carhartt,6.0,Good,11,4.9,19.0,Carhartt M√ºtze,https://www.vinted.fr/items/5764826573-carhartt-mutze,0
Berretto carhartt,Carhartt,5.0,Good,4,4.9,37.0,"Usato poche volte. Da lavare, √® nell'armadio da anni.",https://www.vinted.fr/items/5763568906-berretto-carhartt,0
Bonnet carhartt,Carhartt,4.0,Good,14,4.8,115.0,Bon etat,https://www.vinted.fr/items/5763412208-bonnet-carhartt,1
Bonnet Carhartt brod√© gris,Carhartt,8.0,Good,4,5.0,774.0,"Bonnet Carhartt gris 
Broderie noire 
Bon √©tat quelques peluches voir photos 




#carhartt #bonnetcarhartt #carharttworkinprogress #bonnetcarharttbrod√© #bonnetcarharttgris  #bonnetunisexe #bonnethomme #accessoirecarhartt #workinprogress",https://www.vinted.fr/items/5762273832-bonnet-carhartt-brode-gris,0
Cappello carhartt,Carhartt,7.5,Good,3,4.3,13.0,"cappello carhartt nero, unisex",https://www.vinted.fr/items/5761593474-cappello-carhartt,0
Berretto carhartt tg unica unisex color marrone,Carhartt,5.0,Good,18,4.9,210.0,Berretto carhartt tg unica unisex color marrone. Ha un piccolissimo buco.,https://www.vinted.fr/items/5761255003-berretto-carhartt-tg-unica-unisex-color-marrone,1
Cappello lana carhartt #carhartt,Carhartt,5.0,Good,9,5.0,34.0,"Capello lana, tenuto bene! #carhartt #carharttcappello",https://www.vinted.fr/items/5761163257-cappello-lana-carhartt-carhartt,1
Gorro Carhartt,Carhartt,10.0,Good,3,5.0,139.0,"Color granate.
Tiene uso pero en buen estado.",https://www.vinted.fr/items/5760286602-gorro-carhartt,0
Bonnet Carhartt Rouge Bordeaux,Carhartt,5.0,Good,4,4.8,42.0,Bon √©tat,https://www.vinted.fr/items/5760066163-bonnet-carhartt-rouge-bordeaux,0
Gorro Carhartt,Carhartt,5.0,Good,10,4.8,24.0,Poco usado el logo esta gris√°ceo,https://www.vinted.fr/items/5755920614-gorro-carhartt,1
Berretto Carhartt,Carhartt,6.0,Good,29,5.0,26.0,"Berretto Carhartt
Cappellino marrone",https://www.vinted.fr/items/5751863365-berretto-carhartt,0
Zwarte muts - merk Carhartt,Carhartt,12.0,Good,5,5.0,7.0,"Zwarte muts
Universele maat
Aantal keer gedragen en gewassen
(M0001)",https://www.vinted.fr/items/5750898311-zwarte-muts-merk-carhartt,0
Bonnet carhartt,Carhartt,10.0,Good,6,4.5,104.0,"Bonjour 
Bon √©tat 
Couleur bleu 
Envoie mondial relay",https://www.vinted.fr/items/5748907807-bonnet-carhartt,0
Bonnet carhartt,Carhartt,4.0,Good,8,4.8,130.0,Bonnet carhartt bon etat,https://www.vinted.fr/items/5746578688-bonnet-carhartt,1
cuffia carhartt,Carhartt,5.0,Good,5,5.0,9.0,"cuffia carhartt, colore bianco, molto usata",https://www.vinted.fr/items/5744541176-cuffia-carhartt,0
Bonnet Carhartt,Carhartt,5.0,Good,46,5.0,67.0,Bonnet Carhartt classique old school.,https://www.vinted.fr/items/5744218209-bonnet-carhartt,1
Bonnet carhartt gris clair taille unique,Carhartt,8.0,Good,3,4.9,36.0,"Bon √©tat
Taille unique",https://www.vinted.fr/items/5741610894-bonnet-carhartt-gris-clair-taille-unique,0
Zwarte muts Carhartt,Carhartt,5.0,Good,4,5.0,214.0,"Zwarte muts. Heb ‚Äòm ook nog in en andere kleur, zie andere advertenties.",https://www.vinted.fr/items/5739112894-zwarte-muts-carhartt,0
Cappello berretto invernale carhartt nero,Carhartt,7.0,Good,8,,,"Berretto invernale carhartt 
Colore nero 
Taglia unica",https://www.vinted.fr/items/5738328047-cappello-berretto-invernale-carhartt-nero,0
Carhartt Beanie in beige,Carhartt,6.0,Good,10,5.0,3.0,"Farbe: beige
Zustand: Gut
Versand: Paket wird am ersten oder zweiten Tag versendet",https://www.vinted.fr/items/5735393384-carhartt-beanie-in-beige,0
Carhartt beanie grau,Carhartt,5.0,Good,3,4.7,24.0,Super Zustand,https://www.vinted.fr/items/5734677749-carhartt-beanie-grau,0
Bonnet bleu carhartt,Carhartt,3.5,Good,3,4.7,47.0,En bon √©tat un l√©g√®r trou visible sur la deuxi√®me photo,https://www.vinted.fr/items/5734290344-bonnet-bleu-carhartt,0
Gorro da carhartt,Carhartt,5.0,Good,7,5.0,3.0,J√° n√£o uso,https://www.vinted.fr/items/5732832432-gorro-da-carhartt,0
Carhartt M√ºtze wei√ü,Carhartt,4.99,Good,5,5.0,8.0,Sch√∂ne wei√üe Kartm√ºtze,https://www.vinted.fr/items/5732628323-carhartt-mutze-weiss,0
Bonnet Carhartt bleu fonc√©,Carhartt,5.0,Good,5,5.0,18.0,Bon √©tat,https://www.vinted.fr/items/5729489480-bonnet-carhartt-bleu-fonce,0
Gorro de Carhartt,Carhartt,5.0,Good,15,4.7,20.0,Bastante usado.,https://www.vinted.fr/items/5728900993-gorro-de-carhartt,0
Navy Carhartt beanie,Carhartt,6.0,Good,3,5.0,2.0,Worn but loads of miles still left I just don‚Äôt reach for navy,https://www.vinted.fr/items/5725729655-navy-carhartt-beanie,0
Gorro Carhatt,Carhartt,5.0,Good,12,4.8,98.0,Gorro negro de Carhatt que tiene bastante uso pero est√° en buenas condiciones.,https://www.vinted.fr/items/5725148906-gorro-carhatt,1
M√ºtze Carhartt,Carhartt,5.0,Good,15,5.0,341.0,"Verkaufe diese M√ºtze von Carhartt, pilling vorhanden (siehe Fotos)",https://www.vinted.fr/items/5724957797-mutze-carhartt,1
Berretto Carhartt,Carhartt,4.5,Good,3,4.9,39.0,Indossato ma intatto,https://www.vinted.fr/items/5723408311-berretto-carhartt,0
Bonnet Carhartt Noir,Carhartt,6.0,Good,3,4.7,91.0,"Bonnet Carhartt Noir 
porte plusieurs Fois 
Taille Unique 
Si vous souhaitez plus de photos venez en dm ;) 
Envoie rapide et s√©curis√©",https://www.vinted.fr/items/5722712655-bonnet-carhartt-noir,0
Bonnet carharrt,Carhartt,5.0,Good,4,5.0,91.0,"Bonnet gris carharrt, taille unique, autant pour homme que pour femme, bon √©tat g√©n√©ral !",https://www.vinted.fr/items/5721925248-bonnet-carharrt,0
Berretto,Carhartt,5.0,Good,11,5.0,2.0,Berretto carhartt disponibile nero o bianco,https://www.vinted.fr/items/5720454521-berretto,0
Bonnet homme carhartt,Carhartt,8.0,Good,3,4.8,209.0,Bon √©tat,https://www.vinted.fr/items/5712989936-bonnet-homme-carhartt,0
Wollm√ºtze mit Schild von Carhartt,Carhartt,10.0,Good,3,5.0,85.0,Wenig getragen,https://www.vinted.fr/items/5710383006-wollmutze-mit-schild-von-carhartt,0
Bonnet carhartt,Carhartt,5.0,Good,4,4.2,42.0,"Vinted go ,Bon √©tat",https://www.vinted.fr/items/5708683936-bonnet-carhartt,0
Bonnet Carhartt Gris,Carhartt,8.0,Good,4,5.0,24.0,Beanie Ashley Carhartt gris,https://www.vinted.fr/items/5707496064-bonnet-carhartt-gris,0
Gorro carhartt,Carhartt,8.0,Good,16,4.9,73.0,Condici√≥n 7/10,https://www.vinted.fr/items/5706083161-gorro-carhartt,0
Bonnet carhartt,Carhartt,8.5,Good,4,4.5,119.0,"Bonnet noir. Logo jaune 
Taille universelle",https://www.vinted.fr/items/5706048135-bonnet-carhartt,0
Bonnet √† pompon Carhartt,Carhartt,3.0,Good,3,5.0,20.0,"Mod√®le vintage avec le logo ext√©rieur en cuir

Bouloche en g√©n√©ral mais confirme son charme ancien ‚ò∫Ô∏è(voir photos)

Pas de trous, pas de t√¢ches 

N‚Äôh√©sitez pas √† me contacter",https://www.vinted.fr/items/5705738619-bonnet-a-pompon-carhartt,0
Carhartt Unisex - Berretto - rosso,Carhartt,8.0,Good,7,2.5,8.0,Berretto rosso Carhartt,https://www.vinted.fr/items/5703081656-carhartt-unisex-berretto-rosso,0
Cuffia carhartt unisex,Carhartt,5.0,Good,3,5.0,150.0,Buone condizioni,https://www.vinted.fr/items/5701499122-cuffia-carhartt-unisex,0
Beanie Carhartt,Carhartt,5.0,Good,3,4.9,376.0,"Gedragen, licht pluizig. One size",https://www.vinted.fr/items/5768732373-beanie-carhartt,0
Gorro laranja üçä,Carhartt,5.0,Good,9,5.0,91.0,"Usado. 
Confort√°vel e adapt√°vel.
Aproveite e veja outras pe√ßas na minha loja para obter descontos e pagar apenas um envio!‚òÄÔ∏èüíú",https://www.vinted.fr/items/5767251162-gorro-laranja,1
Carhartt Heart beanie,Carhartt,18.0,Good,4,5.0,33.0,Sch√∂ne M√ºtze f√ºr den Winter. Wurde wenig getragen.,https://www.vinted.fr/items/5767241616-carhartt-heart-beanie,0
Bonnet carhartt,Carhartt,3.0,Good,14,4.6,10.0,Bon √©tat,https://www.vinted.fr/items/5765809703-bonnet-carhartt,0
Cappello Carhartt lana grigio,Carhartt,5.0,Good,6,5.0,12.0,Cappello Carhartt lana grigio,https://www.vinted.fr/items/5765624856-cappello-carhartt-lana-grigio,0
Carhartt beanie,Carhartt,4.99,Good,31,4.4,117.0,A bit worn,https://www.vinted.fr/items/5765550975-carhartt-beanie,0
Carhartt M√ºtze,Carhartt,6.0,Good,11,4.9,19.0,Carhartt M√ºtze,https://www.vinted.fr/items/5764826573-carhartt-mutze,0
Berretto carhartt,Carhartt,5.0,Good,4,4.9,37.0,"Usato poche volte. Da lavare, √® nell'armadio da anni.",https://www.vinted.fr/items/5763568906-berretto-carhartt,0
Bonnet carhartt,Carhartt,4.0,Good,14,4.8,115.0,Bon etat,https://www.vinted.fr/items/5763412208-bonnet-carhartt,1
Bonnet Carhartt brod√© gris,Carhartt,8.0,Good,4,5.0,774.0,"Bonnet Carhartt gris 
Broderie noire 
Bon √©tat quelques peluches voir photos 




#carhartt #bonnetcarhartt #carharttworkinprogress #bonnetcarharttbrod√© #bonnetcarharttgris  #bonnetunisexe #bonnethomme #accessoirecarhartt #workinprogress",https://www.vinted.fr/items/5762273832-bonnet-carhartt-brode-gris,0
Cappello carhartt,Carhartt,7.5,Good,3,4.3,13.0,"cappello carhartt nero, unisex",https://www.vinted.fr/items/5761593474-cappello-carhartt,0
Berretto carhartt tg unica unisex color marrone,Carhartt,5.0,Good,18,4.9,210.0,Berretto carhartt tg unica unisex color marrone. Ha un piccolissimo buco.,https://www.vinted.fr/items/5761255003-berretto-carhartt-tg-unica-unisex-color-marrone,1
Cappello lana carhartt #carhartt,Carhartt,5.0,Good,9,5.0,34.0,"Capello lana, tenuto bene! #carhartt #carharttcappello",https://www.vinted.fr/items/5761163257-cappello-lana-carhartt-carhartt,1
Gorro Carhartt,Carhartt,10.0,Good,3,5.0,139.0,"Color granate.
Tiene uso pero en buen estado.",https://www.vinted.fr/items/5760286602-gorro-carhartt,0
Bonnet Carhartt Rouge Bordeaux,Carhartt,5.0,Good,4,4.8,42.0,Bon √©tat,https://www.vinted.fr/items/5760066163-bonnet-carhartt-rouge-bordeaux,0
Gorro Carhartt,Carhartt,5.0,Good,10,4.8,24.0,Poco usado el logo esta gris√°ceo,https://www.vinted.fr/items/5755920614-gorro-carhartt,1
Berretto Carhartt,Carhartt,6.0,Good,29,5.0,26.0,"Berretto Carhartt
Cappellino marrone",https://www.vinted.fr/items/5751863365-berretto-carhartt,0
Zwarte muts - merk Carhartt,Carhartt,12.0,Good,5,5.0,7.0,"Zwarte muts
Universele maat
Aantal keer gedragen en gewassen
(M0001)",https://www.vinted.fr/items/5750898311-zwarte-muts-merk-carhartt,0
Bonnet carhartt,Carhartt,10.0,Good,6,4.5,104.0,"Bonjour 
Bon √©tat 
Couleur bleu 
Envoie mondial relay",https://www.vinted.fr/items/5748907807-bonnet-carhartt,0
Bonnet carhartt,Carhartt,4.0,Good,8,4.8,130.0,Bonnet carhartt bon etat,https://www.vinted.fr/items/5746578688-bonnet-carhartt,1
cuffia carhartt,Carhartt,5.0,Good,5,5.0,9.0,"cuffia carhartt, colore bianco, molto usata",https://www.vinted.fr/items/5744541176-cuffia-carhartt,0
Bonnet Carhartt,Carhartt,5.0,Good,46,5.0,67.0,Bonnet Carhartt classique old school.,https://www.vinted.fr/items/5744218209-bonnet-carhartt,1
Bonnet carhartt gris clair taille unique,Carhartt,8.0,Good,3,4.9,36.0,"Bon √©tat
Taille unique",https://www.vinted.fr/items/5741610894-bonnet-carhartt-gris-clair-taille-unique,0
Zwarte muts Carhartt,Carhartt,5.0,Good,4,5.0,214.0,"Zwarte muts. Heb ‚Äòm ook nog in en andere kleur, zie andere advertenties.",https://www.vinted.fr/items/5739112894-zwarte-muts-carhartt,0
Cappello berretto invernale carhartt nero,Carhartt,7.0,Good,8,,,"Berretto invernale carhartt 
Colore nero 
Taglia unica",https://www.vinted.fr/items/5738328047-cappello-berretto-invernale-carhartt-nero,0
Carhartt Beanie in beige,Carhartt,6.0,Good,10,5.0,3.0,"Farbe: beige
Zustand: Gut
Versand: Paket wird am ersten oder zweiten Tag versendet",https://www.vinted.fr/items/5735393384-carhartt-beanie-in-beige,0
Carhartt beanie grau,Carhartt,5.0,Good,3,4.7,24.0,Super Zustand,https://www.vinted.fr/items/5734677749-carhartt-beanie-grau,0
Bonnet bleu carhartt,Carhartt,3.5,Good,3,4.7,47.0,En bon √©tat un l√©g√®r trou visible sur la deuxi√®me photo,https://www.vinted.fr/items/5734290344-bonnet-bleu-carhartt,0
Gorro da carhartt,Carhartt,5.0,Good,7,5.0,3.0,J√° n√£o uso,https://www.vinted.fr/items/5732832432-gorro-da-carhartt,0
Carhartt M√ºtze wei√ü,Carhartt,4.99,Good,5,5.0,8.0,Sch√∂ne wei√üe Kartm√ºtze,https://www.vinted.fr/items/5732628323-carhartt-mutze-weiss,0
Bonnet Carhartt bleu fonc√©,Carhartt,5.0,Good,5,5.0,18.0,Bon √©tat,https://www.vinted.fr/items/5729489480-bonnet-carhartt-bleu-fonce,0
Gorro de Carhartt,Carhartt,5.0,Good,15,4.7,20.0,Bastante usado.,https://www.vinted.fr/items/5728900993-gorro-de-carhartt,0
Navy Carhartt beanie,Carhartt,6.0,Good,3,5.0,2.0,Worn but loads of miles still left I just don‚Äôt reach for navy,https://www.vinted.fr/items/5725729655-navy-carhartt-beanie,0
Gorro Carhatt,Carhartt,5.0,Good,12,4.8,98.0,Gorro negro de Carhatt que tiene bastante uso pero est√° en buenas condiciones.,https://www.vinted.fr/items/5725148906-gorro-carhatt,1
M√ºtze Carhartt,Carhartt,5.0,Good,15,5.0,341.0,"Verkaufe diese M√ºtze von Carhartt, pilling vorhanden (siehe Fotos)",https://www.vinted.fr/items/5724957797-mutze-carhartt,1
Berretto Carhartt,Carhartt,4.5,Good,3,4.9,39.0,Indossato ma intatto,https://www.vinted.fr/items/5723408311-berretto-carhartt,0
Bonnet Carhartt Noir,Carhartt,6.0,Good,3,4.7,91.0,"Bonnet Carhartt Noir 
porte plusieurs Fois 
Taille Unique 
Si vous souhaitez plus de photos venez en dm ;) 
Envoie rapide et s√©curis√©",https://www.vinted.fr/items/5722712655-bonnet-carhartt-noir,0
Bonnet carharrt,Carhartt,5.0,Good,4,5.0,91.0,"Bonnet gris carharrt, taille unique, autant pour homme que pour femme, bon √©tat g√©n√©ral !",https://www.vinted.fr/items/5721925248-bonnet-carharrt,0
Berretto,Carhartt,5.0,Good,11,5.0,2.0,Berretto carhartt disponibile nero o bianco,https://www.vinted.fr/items/5720454521-berretto,0
Bonnet homme carhartt,Carhartt,8.0,Good,3,4.8,209.0,Bon √©tat,https://www.vinted.fr/items/5712989936-bonnet-homme-carhartt,0
Wollm√ºtze mit Schild von Carhartt,Carhartt,10.0,Good,3,5.0,85.0,Wenig getragen,https://www.vinted.fr/items/5710383006-wollmutze-mit-schild-von-carhartt,0
Bonnet carhartt,Carhartt,5.0,Good,4,4.2,42.0,"Vinted go ,Bon √©tat",https://www.vinted.fr/items/5708683936-bonnet-carhartt,0
Bonnet Carhartt Gris,Carhartt,8.0,Good,4,5.0,24.0,Beanie Ashley Carhartt gris,https://www.vinted.fr/items/5707496064-bonnet-carhartt-gris,0
Gorro carhartt,Carhartt,8.0,Good,16,4.9,73.0,Condici√≥n 7/10,https://www.vinted.fr/items/5706083161-gorro-carhartt,0
Bonnet carhartt,Carhartt,8.5,Good,4,4.5,119.0,"Bonnet noir. Logo jaune 
Taille universelle",https://www.vinted.fr/items/5706048135-bonnet-carhartt,0
Bonnet √† pompon Carhartt,Carhartt,3.0,Good,3,5.0,20.0,"Mod√®le vintage avec le logo ext√©rieur en cuir

Bouloche en g√©n√©ral mais confirme son charme ancien ‚ò∫Ô∏è(voir photos)

Pas de trous, pas de t√¢ches 

N‚Äôh√©sitez pas √† me contacter",https://www.vinted.fr/items/5705738619-bonnet-a-pompon-carhartt,0
Carhartt Unisex - Berretto - rosso,Carhartt,8.0,Good,7,2.5,8.0,Berretto rosso Carhartt,https://www.vinted.fr/items/5703081656-carhartt-unisex-berretto-rosso,0
Cuffia carhartt unisex,Carhartt,5.0,Good,3,5.0,150.0,Buone condizioni,https://www.vinted.fr/items/5701499122-cuffia-carhartt-unisex,0
Black beanis,Carhartt,3.0,Good,20,5.0,9.0,Unisex good quality,https://www.vinted.fr/items/5701278739-black-beanis,0
Schwarzer Carharrt Beanie Winterm√ºtze,Carhartt,6.0,Good,3,5.0,1.0,Bei Fragen gerne melden!,https://www.vinted.fr/items/5700711007-schwarzer-carharrt-beanie-wintermutze,0
Carhartt hat,Carhartt,10.0,Good,4,5.0,65.0,Hat in good condition.,https://www.vinted.fr/items/5695485122-carhartt-hat,0
Carahrtt bonnet bleu turquoise fonc√©,Carhartt,10.0,Good,5,4.9,385.0,Bon √©tat,https://www.vinted.fr/items/5693692967-carahrtt-bonnet-bleu-turquoise-fonce,0
Carhartt muts,Carhartt,10.0,Good,5,4.9,64.0,"Leuke muts, gebruikt, kan nog heel wat winters fijn mee!",https://www.vinted.fr/items/5425749311-carhartt-muts,0
Gorro carhartt preto,Carhartt,9.0,Good,4,4.8,57.0,"One size fits all 
Em boas condi√ß√µes, algum borboto facilmente retirado",https://www.vinted.fr/items/5691519278-gorro-carhartt-preto,0
Bonnet bleu Carhartt,Carhartt,5.0,Good,6,5.0,11.0,Bonnet bleu Carhartt,https://www.vinted.fr/items/5691238236-bonnet-bleu-carhartt,0
Bonnet Carhartt Beige,Carhartt,4.0,Good,6,4.9,40.0,"Port√© quelques fois 
Quelques bouloches comme sur les photos",https://www.vinted.fr/items/5689814575-bonnet-carhartt-beige,1
Wollm√ºtze ‚ÄûCarhartt‚Äú,Carhartt,6.0,Good,19,5.0,1914.0,"Graue Wollm√ºtze 
100% Acryl",https://www.vinted.fr/items/5689241310-wollmutze-carhartt,0
Bonnet Carhartt vert,Carhartt,8.0,Good,46,5.0,21.0,"Bonnet Carhartt vert en tr√®s bon √©tat avec des petites bouloches rouge et vert clair. Un peu petit pour moi car l‚Äôessorage en machine √©tait un peu fort, le bonnet a donc perdu en √©lasticit√©. Pour info je fais 57cm de tour de t√™te, ce bonnet conviendra tr√®s bien a une personne qui fait entre 50 et 54cm maximum de tour de t√™te (dimension approximative car je ne suis pas astro-physicien)‚Ä¶faites vos jeux üï∫",https://www.vinted.fr/items/5688301919-bonnet-carhartt-vert,0
Carhartt muts,Carhartt,7.0,Good,17,4.6,48.0,Carhartt muts,https://www.vinted.fr/items/5687299465-carhartt-muts,0
Carhartt,Carhartt,10.0,Good,4,5.0,464.0,"Bonnet carhartt 
Vert 
#carhartt #bonnetcarhartt",https://www.vinted.fr/items/5685451025-carhartt,0
Berretta Carhartt color Borgogna,Carhartt,4.0,Good,3,5.0,5.0,"Berretta Carhartt color prugna 
Taglia unica",https://www.vinted.fr/items/5683801452-berretta-carhartt-color-borgogna,0
Beanie Carharrt,Carhartt,11.0,Good,6,4.7,74.0,Very nice and warm beanie from Carhartt.,https://www.vinted.fr/items/5683608420-beanie-carharrt,0
Carhartt M√ºtze grau,Carhartt,5.0,Good,6,5.0,45.0,"M√ºtze Beani von Carhartt 
Grau 
Gut erhalten 
Unisex
F√ºr Herren und Damen",https://www.vinted.fr/items/5682671642-carhartt-mutze-grau,1
carhartt haube,Carhartt,4.0,Good,6,5.0,76.0,logo ist etwas verf√§rbt,https://www.vinted.fr/items/5681993468-carhartt-haube,1
Cappello invernale Carhartt.,Carhartt,4.0,Good,5,5.0,12.0,"Vendesi cappello invernale Carhartt. Usato poche volte. Unico difetto i piccoli pallini del tessuto che si sono formati dopo un lavaggio. 
Eliminabili con apposito macchinario per eliminazione dei pelucchi dj maglioni in lana.",https://www.vinted.fr/items/5680758384-cappello-invernale-carhartt,0
Gorro Carhartt Blue,Carhartt,9.0,Good,7,4.9,972.0,"Bom estado
Tamanho √∫nico
Envio üöö r√°pido 
Usados de confian√ßa 
V√™ o meu roupeiro / Opini√µes
Envia mensagem a perguntar algo",https://www.vinted.fr/items/5680414428-gorro-carhartt-blue,0
3x muts Carhartt,Carhartt,16.0,Good,3,4.9,150.0,Prima staat,https://www.vinted.fr/items/5679954801-3x-muts-carhartt,0
Muts Carhartt,Carhartt,4.0,Good,15,4.9,177.0,Zwarte muts van carhartt,https://www.vinted.fr/items/5676305402-muts-carhartt,1
Bonnet Carhartt,Carhartt,4.0,Good,8,4.9,146.0,Bon √©tat,https://www.vinted.fr/items/5674917815-bonnet-carhartt,1
Bonnet carhartt,Carhartt,9.0,Good,4,4.5,16.0,bonne √©tat,https://www.vinted.fr/items/5673034586-bonnet-carhartt,0
Bonet carhart,Carhartt,5.0,Good,4,5.0,6.0,Plut√¥t bon √©tat,https://www.vinted.fr/items/5672727378-bonet-carhart,0
Gorro carhartt,Carhartt,6.0,Good,9,5.0,6.0,"ALGUNA BOLILLA‚úÖ

üö©Puedes solicitar un lote para obtener descuentos
üëöRopa lavada,planchada y con buen olor 
üööEnv√≠o r√°pido
üìêMedidas en las fotos   
üö® No acepto devoluciones por fallo en la talla as√≠ que comprobad las medidas y aseguraos de que os sirve 
ü§≠No dudes en echar un vistazo a mi armario,art√≠culos frecuentes .   
üôäSi tienes alguna pregunta, te responder√© lo m√°s r√°pido posible .  
üí∂Puedo negociar el precio, siempre que la oferta sea razonable. 



#vintagestyle #vinteditalia #vintedspain #vintedfrance #vintagestyle #champion #brandedvintage #brandedtshirt #france #vintage #brandedclothing #branded #y2k #vintagefashion #ootd #femme #streetwear #felpa #L #blu #y2k #hoodie #streetstyle #authentic #limitededition #fashion #designer #urban #retro #musthave #scuffers #vintagestock #y2kstyle #retrostyle #retrolook #look #vinted #vintedgift #anees90 #90s #anees90s #anees2000 #homme #temme #aesthetic #aestheticstyle #streetwear #streetwearstreet #90svintage #80s #70s #ropa #prendas #luxury #deluxe #clothing. #clothes #vestir #numberone #numberoneclothing #numberoneluxuryclothing. #modern #moderno #lujo #nuevo #unisex #oversize #2024 #2025#superstar #trucker #biker
#gelkayano14 #gelsonoma #gel1130
#kikokostadinov #gel1090 #gelnyc
#hiking. #trekking #unisex #urban #streetwear #trendy #vintage
#80s #90s #skate #skateboard #rap #hiphop #sport #casual #trekking #hiking. #snowboard #ski
#trendy_ #80s #90s #skate #skateboard #rap #hiphop #sport #casual #trekking #hiking, #snowboard #polo #detroit #detroitjacket #polar #outfit #oudoor #whool #sweater #fullzip #aesthetic #denim #boxy #cropped #baggy #jort #bomber #tiger #nexico66 #nfl
#nba #nhl",https://www.vinted.fr/items/5669970466-gorro-carhartt,0
Cappello Carhartt,Carhartt,8.0,Good,9,4.9,86.0,Verde militare. Prezzo trattabile.,https://www.vinted.fr/items/5669872088-cappello-carhartt,0
Carhartt M√ºtze beige,Carhartt,5.0,Good,6,4.9,37.0,Carhartt M√ºtze in beige,https://www.vinted.fr/items/5669732251-carhartt-mutze-beige,1
Carhartt cappello,Carhartt,7.0,Good,3,4.8,111.0,SIZE: UNISEX,https://www.vinted.fr/items/5669727135-carhartt-cappello,0
Berretta verde,Carhartt,5.0,Good,24,4.7,13.0,Usato,https://www.vinted.fr/items/5668933198-berretta-verde,0
Bonnet carhartt noir,Carhartt,5.0,Good,4,4.5,12.0,Port√© quelque fois,https://www.vinted.fr/items/5667125179-bonnet-carhartt-noir,0
Bonnet Carhartt,Carhartt,5.0,Good,12,4.9,41.0,Bonnet carhartt bleu marine taille unique,https://www.vinted.fr/items/5665854622-bonnet-carhartt,1
Beanie 100% Acrylic,Carhartt,6.0,Good,21,4.8,18.0,"Mit dem Carhartt bleibt Ihr Kopf und Ihre Ohren auch im tiefsten Winter gesch√ºtzt. Dank des dehnbaren Rippstrickgewebes, ist die M√ºtze perfekt f√ºr die kalten Jahreszeiten.
Mit dem Carhartt¬Æ Logo vorne. Einheitsgr√∂√üe.",https://www.vinted.fr/items/5664851264-beanie-100-acrylic,0
Bonnet Carhartt Marron,Carhartt,10.0,Good,5,4.6,154.0,"Bonnet 
Marron / Chcolat 
Carhartt 
 bon √©tat (petit accroc voir photo)

#bonnet #bonnetcarhartt #carhartt #bonnetmarron  #marron #fashion #trendy #tendance #mode #basic #musthave #minimalist #intemporel #chocolat",https://www.vinted.fr/items/5663678914-bonnet-carhartt-marron,0
Bonnet carhartt,Carhartt,10.0,Good,3,4.3,30.0,Bonnet carhartt,https://www.vinted.fr/items/5662916752-bonnet-carhartt,0
Navy carhartt beanie hat,Carhartt,10.0,Good,39,5.0,1.0,Dark navy blue carhartt beanie hat,https://www.vinted.fr/items/5661626630-navy-carhartt-beanie-hat,0
Berretto Carhartt Grigio,Carhartt,5.0,Good,9,5.0,10.0,"Berrettino Carhartt color grigio
Indossato poco 
In buono stato",https://www.vinted.fr/items/5660602820-berretto-carhartt-grigio,0
Gorro Carhartt Stratus,Carhartt,9.0,Good,3,4.9,9.0,"Gorro usado, est√° en buen estado aunque se pueden apreciar algunas bolas del uso.",https://www.vinted.fr/items/5659254074-gorro-carhartt-stratus,0
Bonnet Carhartt vintage made in usa üá∫üá∏ gris taille unique,Carhartt,7.0,Good,4,4.9,287.0,"Bonnet de chez Carhartt couleur gris taille unique 

Beaucoup port√© !",https://www.vinted.fr/items/5658405197-bonnet-carhartt-vintage-made-in-usa-gris-taille-unique,0
Zuccotto Carhartt,Carhartt,5.0,Good,4,4.8,171.0,Cappello unisex in buone condizioni,https://www.vinted.fr/items/5656974080-zuccotto-carhartt,0
Carhartt Beanie,Carhartt,5.0,Good,17,5.0,275.0,Wurde gerne getragen weshalb sie ein paar Gebrauchsspuren aufweist,https://www.vinted.fr/items/5655361995-carhartt-beanie,1
Bonnet Carharrt bleu marine,Carhartt,10.0,Good,5,4.8,73.0,Bon √©tat,https://www.vinted.fr/items/5654728150-bonnet-carharrt-bleu-marine,0
Cappello Carharrt,Carhartt,5.0,Good,15,4.9,38.0,"Cappello Carharrt Invernale
Buone Condizione",https://www.vinted.fr/items/5648698592-cappello-carharrt,1
Muts Carhartt,Carhartt,4.0,Good,9,5.0,1.0,Zwarte muts,https://www.vinted.fr/items/5648182816-muts-carhartt,0
Carhartt muts,Carhartt,5.0,Good,3,5.0,1.0,Zelf amper gedragen,https://www.vinted.fr/items/5647889499-carhartt-muts,0
Bonnet Carhartt,Carhartt,7.5,Good,13,4.9,78.0,"Bon √©tat, pas de traces d‚Äôusures 
Bonnet Carhartt gris avec logo devant",https://www.vinted.fr/items/5645773339-bonnet-carhartt,0
Bonnet Carhartt,Carhartt,5.0,Good,3,5.0,27.0,"Bonnet gris chin√© Carhartt
Bon √©tat",https://www.vinted.fr/items/5644656755-bonnet-carhartt,0
Bonnet carhartt,Carhartt,20.0,Good,12,4.6,14.0,Un peu de peluches sur le beenie,https://www.vinted.fr/items/5641980839-bonnet-carhartt,0
Bonnet Carhartt,Carhartt,7.5,Good,9,4.8,26.0,Je vends ce bonnet :),https://www.vinted.fr/items/5641299815-bonnet-carhartt,0
Bonnet Carhartt,Carhartt,10.0,Good,6,4.9,789.0,Bon √©tat g√©n√©ral,https://www.vinted.fr/items/5639486494-bonnet-carhartt,0
Bonnet Carhartt,Carhartt,5.0,Good,11,4.2,56.0,Bonnet,https://www.vinted.fr/items/5638933587-bonnet-carhartt,0
Cappello lana Carhartt,Carhartt,18.0,Good,29,5.0,22.0,"Cappello uomo a righe panna, grigio, marrone.
Condizioni buone senza imperfezioni",https://www.vinted.fr/items/5637197909-cappello-lana-carhartt,0
Bonnet bleu marine Carharrt,Carhartt,8.0,Good,24,4.7,99.0,Peu port√© bon √©tat,https://www.vinted.fr/items/5637025064-bonnet-bleu-marine-carharrt,0
Bonnet Carhartt,Carhartt,6.0,Good,3,4.8,58.0,Bonnet Carhartt noir,https://www.vinted.fr/items/5633510800-bonnet-carhartt,0
Bonnet Carhartt,Carhartt,5.0,Good,4,5.0,32.0,"Bon √©tat
Taille unique",https://www.vinted.fr/items/5633124536-bonnet-carhartt,0
Cappello invernale carhartt,Carhartt,6.0,Good,7,4.8,64.0,Usato,https://www.vinted.fr/items/5631655944-cappello-invernale-carhartt,0
Cappello Carhartt,Carhartt,5.0,Good,13,5.0,65.0,#Carhartt #cappellouono #cappelloCarhartt #Carharttuomo #cappellolana,https://www.vinted.fr/items/5631166531-cappello-carhartt,1
Bonnet Carhartt üß¢,Carhartt,10.0,Good,4,5.0,25.0,"Bonnet en bon √©tat, tissu avec des petites bouloches 
Port√© 
Si vous voulez plus d‚Äôinformations venez me dm üòâ",https://www.vinted.fr/items/5630288789-bonnet-carhartt,0
Bonnet carhartt violet,Carhartt,10.0,Good,5,4.6,82.0,Bonnet en bon √©tat pas de d√©faut √† signaler juste des petites bouloches du √† l‚Äôusure,https://www.vinted.fr/items/5627068545-bonnet-carhartt-violet,0
Beige Carhartt M√ºtze,Carhartt,10.0,Good,3,5.0,5.0,Die M√ºtze hat einpaar wenige Fussel aber die sieht mal fast gar nicht.,https://www.vinted.fr/items/5625828842-beige-carhartt-mutze,0
Blaue M√ºtze,Carhartt,5.0,Good,10,5.0,40.0,Selten getragen,https://www.vinted.fr/items/5625284387-blaue-mutze,1
Cuffia nera carhartt,Carhartt,8.0,Good,11,4.8,27.0,"Cuffia nera, indossata molte volte, ma ancora buona da indossare",https://www.vinted.fr/items/5624922922-cuffia-nera-carhartt,0
Carhartt Beanie mit Bommel,Carhartt,6.0,Good,3,,,Verschieden Rote M√ºtze von Carhartt,https://www.vinted.fr/items/5621850977-carhartt-beanie-mit-bommel,0
Bonnet Carhartt,Carhartt,5.0,Good,10,4.9,74.0,"Bonnet en bon √©tat,port√© quelques fois. Ancienne ancienne collection (taille plus petit que les plus r√©cents)",https://www.vinted.fr/items/5617989478-bonnet-carhartt,1
Gorro castanho Carhartt,Carhartt,8.0,Good,13,5.0,3.0,Pouco Usado,https://www.vinted.fr/items/5617506379-gorro-castanho-carhartt,0
Bonnet,Carhartt,4.0,Good,24,4.9,96.0,Bon √©tat,https://www.vinted.fr/items/5616506286-bonnet,1
Berretto carharrt,Carhartt,8.0,Good,8,5.0,31.0,Berretto carharrt,https://www.vinted.fr/items/5616203654-berretto-carharrt,0
Carhartt M√ºtze,Carhartt,15.0,Good,3,4.9,90.0,#carhartt #beanie #carharttbeanie,https://www.vinted.fr/items/5611704183-carhartt-mutze,0
Cappello carhartt,Carhartt,5.0,Good,8,4.9,142.0,Cappello di lana carhartt,https://www.vinted.fr/items/5611319254-cappello-carhartt,1
Bonnet Carhartt,Carhartt,10.0,Good,4,4.7,207.0,Bonne noir carhartt bon √©tat,https://www.vinted.fr/items/5609955113-bonnet-carhartt,0
Bonnet Carhartt couleur vert d'eau,Carhartt,10.0,Good,4,5.0,228.0,Bon √©tat,https://www.vinted.fr/items/5608169846-bonnet-carhartt-couleur-vert-deau,0
Bonnet carhartt,Carhartt,7.0,Good,8,5.0,8.0,"Bonnet carhartt port√© mais encore en bonne √©tat
Un peu bouloch√©",https://www.vinted.fr/items/5603380754-bonnet-carhartt,0
Carhartt M√ºtze schwarz,Carhartt,13.0,Good,4,4.9,382.0,Guter Zustand,https://www.vinted.fr/items/5593829075-carhartt-mutze-schwarz,0
Berretto Carhartt,Carhartt,12.0,Good,10,4.6,102.0,Buone condizioni,https://www.vinted.fr/items/5592632232-berretto-carhartt,0
Cappello di lana carhartt,Carhartt,5.0,Good,13,4.9,50.0,Un po‚Äô smollato ma ancora utilizzabile,https://www.vinted.fr/items/5592372377-cappello-di-lana-carhartt,1
Cappello ragazzo Carhartt,Carhartt,4.0,Good,10,4.9,69.0,Cappello ragazzo,https://www.vinted.fr/items/5592044846-cappello-ragazzo-carhartt,1
Carhartt Wip Acrylic Watch Hat Beanie,Carhartt,7.0,Good,9,4.9,220.0,"Carhartt Wip Acrylic Watch Hat.
Guter Zustand.
Leichtes Peeling.",https://www.vinted.fr/items/5591929765-carhartt-wip-acrylic-watch-hat-beanie,0
Bonnet Carhartt,Carhartt,15.0,Good,3,5.0,2.0,"Le bonnet a √©t√© port√© plusieurs fois, il est en bon √©tat mais a tendance √† se d√©tendre et se d√©former.",https://www.vinted.fr/items/5588757730-bonnet-carhartt,0
Bonnet Carhartt,Carhartt,15.0,Good,6,5.0,2.0,"Le bonnet a √©t√© port√© plusieurs fois, il est en bon √©tat mais il a tendance √† se d√©tendre.",https://www.vinted.fr/items/5588744300-bonnet-carhartt,0
M√ºtze Carhartt,Carhartt,11.0,Good,9,5.0,869.0,"Verkaufe eine M√ºtze von Carhartt in gr√ºn.

Bei Fragen gerne melden",https://www.vinted.fr/items/5585763730-mutze-carhartt,0
cappello carhartt,Carhartt,10.0,Good,3,4.9,27.0,usato poco,https://www.vinted.fr/items/5584049545-cappello-carhartt,0
Carhartt M√ºtze,Carhartt,11.0,Good,5,5.0,9.0,"Carhartt M√ºtze 
Onesize
Hellgrau",https://www.vinted.fr/items/5579972002-carhartt-mutze,0
cappello Carhartt,Carhartt,8.0,Good,6,4.8,10.0,cappello Carhartt nero usato un po' ma in buone condizioni,https://www.vinted.fr/items/5579440500-cappello-carhartt,0
Cappello carhartt blu,Carhartt,5.0,Good,4,5.0,36.0,Cappello carhartt blu,https://www.vinted.fr/items/5578391916-cappello-carhartt-blu,0
Carhartt muts,Carhartt,10.0,Good,4,4.6,93.0,"Beanie, muts,",https://www.vinted.fr/items/5576730024-carhartt-muts,0
Bonnet Carhartt,Carhartt,3.0,Good,5,4.7,158.0,Bon √©tat,https://www.vinted.fr/items/5573135460-bonnet-carhartt,0
Carhartt M√ºtze,Carhartt,5.0,Good,12,4.9,82.0,"Carhartt M√ºtze ‚ÄûShort Watch Hat‚Äú

Size: One Size

Oben hat sich eine Naht gel√∂st, was sich sicher mit der in paar Nadelstichen beheben l√§sst.",https://www.vinted.fr/items/5570388309-carhartt-mutze,1
bonnet Carhartt,Carhartt,8.0,Good,3,4.9,117.0,"üèîÔ∏è carhartt
üé® gris  
üè∑Ô∏è taille unique  
‚ú®bon √©tat ( bouloch√© d√ª au lavage )
 
üòÉ n‚Äôh√©sitez pas pour plus d‚Äôinfo / photo",https://www.vinted.fr/items/5570334265-bonnet-carhartt,0
Bonnet Carhatt,Carhartt,12.0,Good,3,4.3,51.0,"Bonjour, en bonne √©tat.",https://www.vinted.fr/items/5570099368-bonnet-carhatt,0
Gorro Carhart,Carhartt,5.0,Good,5,5.0,19.0,Gorro de lana de color teja,https://www.vinted.fr/items/5569486418-gorro-carhart,0
Bonnet militaire Carhartt,Carhartt,10.0,Good,3,5.0,168.0,Port√© quelques fois,https://www.vinted.fr/items/5568703063-bonnet-militaire-carhartt,0
Bonnet carhartt,Carhartt,10.0,Good,5,5.0,40.0,"Bonne carhartt bordeaux et d√©tail noir 
En bonne √©tat 
Unisex",https://www.vinted.fr/items/5567525914-bonnet-carhartt,0
Cappello Carhartt grigio/arancione,Carhartt,15.0,Good,6,5.0,7.0,Cappello Carhartt bicolore grigio/arancione taglia unica buone condizioni,https://www.vinted.fr/items/5566805159-cappello-carhartt-grigioarancione,0
Bonnet iconique carhartt kaki,Carhartt,10.0,Good,3,5.0,106.0,"Bonnet kaki 
Bon √©tat",https://www.vinted.fr/items/5559083992-bonnet-iconique-carhartt-kaki,0
Bonnet Carhartt couleur Kamel,Carhartt,3.5,Good,10,4.8,27.0,Bonnet Carhart en moyen √©tat ( bouloche et assez port√© ),https://www.vinted.fr/items/5559009665-bonnet-carhartt-couleur-kamel,1
Beanie Carhartt,Carhartt,7.5,Good,17,4.9,476.0,Beanie Carhartt dark greem,https://www.vinted.fr/items/5555371428-beanie-carhartt,0
Berretto Carharrt,Carhartt,4.0,Good,14,4.1,26.0,Buone condizioni,https://www.vinted.fr/items/5555096884-berretto-carharrt,0
Bonnet Gris Carhartt,Carhartt,7.5,Good,3,5.0,39.0,En bon √©tat,https://www.vinted.fr/items/5554044631-bonnet-gris-carhartt,0
Carhartt,Carhartt,5.0,Good,7,4.9,13.0,Buono ormai vintage,https://www.vinted.fr/items/5552119219-carhartt,0
Bonnet Carhartt,Carhartt,14.0,Good,3,5.0,45.0,"Bonnet Carhartt violet fonc√© / pourpre, taille unique. 
Achet√© d‚Äôoccasion sur Vinted mais ne correspondait pas au coloris recherch√©.",https://www.vinted.fr/items/5551850543-bonnet-carhartt,0
Bonnet gris chin√© Carhartt,Carhartt,8.0,Good,8,4.9,73.0,"Port√© quelques fois, bon √©tat",https://www.vinted.fr/items/5549614831-bonnet-gris-chine-carhartt,0
Carhartt M√ºtze Grau Beanie Vintage Carhartt Retro Winter,Carhartt,6.0,Good,26,4.9,528.0,"Zustand: Die M√ºtze befindet sich in einem guten Zustand, die M√ºtze hat einen Fleck (siehe letztes Foto).

L√§nge von Oben nach Unten: 15cm

Breite von Links nach Rechts: 22cm

Die M√ºtze wurde vor dem Verkauf gr√ºndlich gewaschen!

#vintage #carhartt #m√ºtze #beanie #retro #grau #winter",https://www.vinted.fr/items/5547932899-carhartt-mutze-grau-beanie-vintage-carhartt-retro-winter,0
Bonnet Carhartt noir,Carhartt,10.0,Good,6,4.8,147.0,"Port√©, en bon √©tat",https://www.vinted.fr/items/5546868291-bonnet-carhartt-noir,0
Carhartt M√ºtze,Carhartt,10.0,Good,11,5.0,9.0,"Ich verkaufe eine dunkelrote carhartt M√ºtze

#y2k #brandymelville #urbanoutfitters #jorts #style #trendy #2000",https://www.vinted.fr/items/5542453022-carhartt-mutze,0
cappello carhartt Rosso con pon pon.,Carhartt,4.0,Good,9,5.0,21.0,"Cappello in buono stato, anche se un po'allargato.",https://www.vinted.fr/items/5540105535-cappello-carhartt-rosso-con-pon-pon,1
Berretto di lana carhartt,Carhartt,10.0,Good,3,5.0,21.0,"Berretto di lana color panna carhartt
Buone condizioni 
Valuto offerte solo se realmente interessati
Ottimo affare e prezzo ragionevole
Spedizione in 24/48",https://www.vinted.fr/items/5538358207-berretto-di-lana-carhartt,0
Cappello Carhartt,Carhartt,12.0,Good,3,4.8,258.0,Cappello invernale #carhartt,https://www.vinted.fr/items/5537638562-cappello-carhartt,0
Carhartt beanie,Carhartt,12.0,Good,3,4.3,85.0,draag hem niet meer,https://www.vinted.fr/items/5536973319-carhartt-beanie,0
Carhartt Beanie,Carhartt,4.0,Good,5,5.0,16.0,"Hier gekauft, mir zu klein‚Ä¶ eher Kinder oder eben kleiner Kopf. 
Gr√∂√üe nicht bekannt, habe hier XS wegen System angegeben.",https://www.vinted.fr/items/5531763045-carhartt-beanie,0
Bonnet Carhartt,Carhartt,7.0,Good,5,4.9,180.0,Bon √©tat,https://www.vinted.fr/items/5529412549-bonnet-carhartt,0
Bonnet mixte Carhartt,Carhartt,12.0,Good,5,4.9,209.0,"Peluche l√©g√®rement (voir photo) mais sinon tr√®s bon √©tat 
Avec pompon",https://www.vinted.fr/items/5525520356-bonnet-mixte-carhartt,0
Carhartt Beanie,Carhartt,9.0,Good,11,5.0,41.0,Schwarze M√ºtze von Carhartt,https://www.vinted.fr/items/5525153314-carhartt-beanie,0
Gorro de lana,Carhartt,12.0,Good,3,4.9,39.0,Gorro de lana en buen estado !.,https://www.vinted.fr/items/5520411790-gorro-de-lana,0
Beanie Carhartt,Carhartt,6.0,Good,23,4.8,4.0,"Ein paar Gebrauchsspuren in Form von Fusseln, aber sch√∂n warm und noch sch√∂n elastisch",https://www.vinted.fr/items/5513804919-beanie-carhartt,0
cappello beige carthartt,Carhartt,7.0,Good,3,4.9,33.0,cappello beige carthartt,https://www.vinted.fr/items/5511765187-cappello-beige-carthartt,0
Bonnet Carhartt,Carhartt,3.0,Good,4,5.0,26.0,"Port√© Quelques fois
Taille Unique
Couleur Gris",https://www.vinted.fr/items/5507035967-bonnet-carhartt,0
cappellino carhartt,Carhartt,15.0,Good,4,5.0,12.0,cappellino invernale della carhartt,https://www.vinted.fr/items/5506783353-cappellino-carhartt,0
Carhartt M√ºtze Brown,Carhartt,10.0,Good,3,5.0,25.0,"Ist in eienm guten Zustand, f√ºr weitere Informationen gerne anschreiben.",https://www.vinted.fr/items/5505275214-carhartt-mutze-brown,0
Bonnet Carhartt,Carhartt,10.0,Good,7,5.0,1.0,"bonnet porter quelques fois, en tr√®s bon √©tat quelques bouloches mais pas choquantes",https://www.vinted.fr/items/5505075048-bonnet-carhartt,0
Bonnet Carhartt,Carhartt,10.0,Good,14,4.5,20.0,"Envoie rapide en 24h
Tiens chaud pour l‚Äôhiver",https://www.vinted.fr/items/5504922569-bonnet-carhartt,0
Bonnet carhartt,Carhartt,5.0,Good,5,4.3,18.0,Bonnet avec des peluches mais sans taches,https://www.vinted.fr/items/5494513322-bonnet-carhartt,0
Bonnet carhartt,Carhartt,6.0,Good,3,5.0,14.0,Bon etat,https://www.vinted.fr/items/5487246786-bonnet-carhartt,0
Gorro Carhartt ü©∂,Carhartt,20.0,Good,3,4.8,76.0,"Impec√°vel. Tamanho M adulto.
Original. Envio r√°pido ‚è©
Envio gratuito para Portugal ‚è©",https://www.vinted.fr/items/5484277519-gorro-carhartt,0
Braune M√ºtze von Carhartt WIP,Carhartt,7.0,Good,7,5.0,6.0,"Carhartt WIP WATCH
""Hamilton brown""

Getragene aber gepflegte M√ºtze. Billig, aber keine L√∂cher oder Flecken.

100 % Acryl.

Nichtraucherhaushalt. Versand nur versichert oder als B√úWA/P√§ckchen, wenn der K√§ufer das Risiko tr√§gt und mir dieses explizit best√§tigt und der Artikel die entsprechende Gr√∂√üe hat.
Privatverkauf. Keine R√ºcknahme. Keine Garantie.",https://www.vinted.fr/items/5481908247-braune-mutze-von-carhartt-wip,0
Carhartt cap,Carhartt,4.0,Good,12,4.8,26.0,"One size 
Grey",https://www.vinted.fr/items/5481879540-carhartt-cap,1
Bonnet Carhartt gris chin√©,Carhartt,8.0,Good,3,4.9,177.0,"Bonnet Carhartt gris chin√©, port√© plusieurs fois mais en bon √©tat (quelques bouloches)",https://www.vinted.fr/items/5478424543-bonnet-carhartt-gris-chine,0
Bonnet,Carhartt,7.0,Good,7,5.0,76.0,"Taille correctement 
Taille unique 
Acrylique elasthane",https://www.vinted.fr/items/5477612153-bonnet,0
Bonnet carhartt noir,Carhartt,9.0,Good,5,4.8,89.0,"Bien port√© 

Prix n√©gociable 

Si besoin d‚Äôinfo n‚Äôh√©sitez pas üòâ",https://www.vinted.fr/items/5475524826-bonnet-carhartt-noir,0
Bonnet bleu marine Carhartt,Carhartt,8.0,Good,4,5.0,308.0,"Bonnet bleu marine fonc√© de marque Carhartt.
Hauteur du bonnet : 22 cm
Largeur : 22 cm (sans le revers)",https://www.vinted.fr/items/5474236435-bonnet-bleu-marine-carhartt,0
Bonnet carhartt,Carhartt,10.0,Good,6,4.7,322.0,Tout est dans le titre,https://www.vinted.fr/items/5472834223-bonnet-carhartt,0
Bonnet Carhartt,Carhartt,10.0,Good,3,5.0,17.0,"Le bonnet est bouloch√© mais c'est rattrapable.
Veuillez consulter mes autres articles, je fais un grand tri.
#Vinted #VenteVinted #ModeSolidaire
#VintedAddict #VenteDeMode #BonnesAffaires
#FashionFinds #VintedFrance #VintedShopping
#AchatVente #Tendances2025 #VintedLovers
#ModeEcoResponsable #SecondeMain
#ChicEtPasCher #VenteDeVetements
#ShoppingDurable #ModeRecycl√©e
#LookVintage #VintedSale",https://www.vinted.fr/items/5471913976-bonnet-carhartt,0
Carhartt Beanie M√ºtze Weinrot,Carhartt,5.0,Good,24,5.0,8.0,M√ºtze halt,https://www.vinted.fr/items/5470928011-carhartt-beanie-mutze-weinrot,0
Bonnet carhartt,Carhartt,5.0,Good,3,4.9,62.0,"Bonnet carhartt en bon √©tat.
T.U",https://www.vinted.fr/items/5468582583-bonnet-carhartt,0
Carrhart Beanie,Carhartt,7.0,Good,3,4.8,10.0,"In prima staat, 100% acrylic",https://www.vinted.fr/items/5466616668-carrhart-beanie,0
Berretto in lana Carhartt,Carhartt,8.0,Good,4,4.8,61.0,Berretto in lana Carhartt unisex.,https://www.vinted.fr/items/5463988984-berretto-in-lana-carhartt,0
Berretto Carhartt nero unisex,Carhartt,10.0,Good,3,4.8,21.0,Berretto Carhartt nero unisex,https://www.vinted.fr/items/5463012104-berretto-carhartt-nero-unisex,0
Cappello Carhartt,Carhartt,5.0,Good,6,4.9,56.0,"Vendo cappello Carhartt unisex taglia unica.
Condizioni come da foto",https://www.vinted.fr/items/5458532557-cappello-carhartt,1
Zuccotto Carhartt,Carhartt,4.0,Good,3,5.0,13.0,Buona vestibilita‚Äô,https://www.vinted.fr/items/5457556564-zuccotto-carhartt,0
Bonnet Carhartt noir taille unique,Carhartt,15.0,Good,7,4.9,220.0,"Tr√®s peu port√© mais un accroc visible en photo (point√© par le stylo)
Envoi rapide et soign√©",https://www.vinted.fr/items/5457528737-bonnet-carhartt-noir-taille-unique,0
Cuffia Carhartt,Carhartt,10.0,Good,5,5.0,3.0,"Cuffia grigia della Carhartt, morbida e calda.",https://www.vinted.fr/items/5457433743-cuffia-carhartt,0
Bonnet Facemask Carhartt 2 en 1,Carhartt,15.0,Good,12,4.8,366.0,"Bonnet polaire avec masque int√©gr√©, prot√®ge bien du froid",https://www.vinted.fr/items/5452947615-bonnet-facemask-carhartt-2-en-1,0
Bonnet carhartt pompom,Carhartt,7.0,Good,3,4.9,25.0,Bonjour je vend ce bonnet carhartt bleu √† pompom,https://www.vinted.fr/items/5444181683-bonnet-carhartt-pompom,0
Bonnet Carhartt,Carhartt,10.0,Good,3,4.9,374.0,"Bonnet carhartt

Taille üìè: unique 
Couleur üé® : marron
√âtat üëï : bon √©tat 
J‚Äôexp√©die sous 24 heures üì¶üöö
Venez priv√©e pour plus de pr√©cision ou de photo 
#Bonnet #Nike #NFL #Homme #Femme # Carhartt #Thenorthface",https://www.vinted.fr/items/5443542646-bonnet-carhartt,0
Carhartt cappello di lana,Carhartt,10.0,Good,11,4.7,15.0,"Berretto invernale, usato ma buone condizioni",https://www.vinted.fr/items/5441307864-carhartt-cappello-di-lana,0
Cuffia Carhartt,Carhartt,8.0,Good,3,5.0,10.0,Cuffietta invernale Carhartt / accessorio berretto unisex,https://www.vinted.fr/items/5439269481-cuffia-carhartt,0
Graue Carhartt Beanie M√ºtze,Carhartt,8.0,Good,3,5.0,25.0,"Graue Carhartt Beanie abzugeben.
Ich trage sie einfach nicht mehr",https://www.vinted.fr/items/5434515728-graue-carhartt-beanie-mutze,0
Carhatt M√ºtze,Carhartt,10.0,Good,4,4.8,54.0,Ich verkaufe die o.g. M√ºtze von Carhatt. Die M√ºtze ist in einem super Zustand!,https://www.vinted.fr/items/5428871740-carhatt-mutze,0
Carhartt M√ºtze,Carhartt,8.0,Good,12,5.0,18.0,Schwarze M√ºtze Original,https://www.vinted.fr/items/5422320339-carhartt-mutze,0
Bonnet carhartt,Carhartt,8.0,Good,10,4.9,16.0,"Salut, 
Le bonnet plut√¥t en bon √©tat,",https://www.vinted.fr/items/5417422026-bonnet-carhartt,0
"Bonnet, carhartt noir basique",Carhartt,15.0,Good,7,4.9,728.0,"Bon √©tat, quelques d√©fauts minimes les mesures sont sur les photos.






#bonnethiver #bonnetcarhartt #bonnetchaud #bonnethomme #cappello #berretto #berrettoinvernale #femme38
#chapeau #chapeaufemme #lana #carhartt carhartt #carharttworkwear #carharttusa
#workjacket #detroitjacket #chore #chorejacket
#retrocarhartt #carharttwip #carharttsmall
#Vintagecarhartt #vintage-carharttjacket
#workpant #vestecarhartt #vestecarharttnoire
#vestevintage #car-hartt90s #carhartt90 #aspen
#modular #activejacket #duckcoat #og.
#michiganchore-coat #michigan",https://www.vinted.fr/items/5415965184-bonnet-carhartt-noir-basique,0
Carhartt Muts beanie black,Carhartt,7.95,Good,4,4.4,79.0,Carhartt Muts hat beanie black,https://www.vinted.fr/items/5413789548-carhartt-muts-beanie-black,0
Cuffia Carhart,Carhartt,10.0,Good,6,4.9,64.0,Lana nera con risvolto,https://www.vinted.fr/items/5412460734-cuffia-carhart,0
M√ºtze Carhartt,Carhartt,9.0,Good,14,5.0,8.0,"sch√∂nes Rot, sch√∂ne M√ºtze, f√ºr sch√∂ne Person",https://www.vinted.fr/items/5411512729-mutze-carhartt,0
Bonnet Carhartt,Carhartt,10.0,Good,3,4.9,117.0,"üëïTaille : Taille unique 
‚úÖ √âtat : Bon √©tat, juste une petite tache √† l'arri√®re mais qui peut s'enlever avec un bon lavage, prix n√©gociable.
üì¶ Exp√©dition sous 48H
üôèFrais de ports ajustable


#vintage #streetwear #mode #style #homme #femme #tendance #flow #style #estilo #clothing
#outfit #hombre #rare #collection #editionlimite #limitededition #edicionlimitada #modelo #modele
#oversized #menswear #taille #size #couleur #color #trade #echange #marque #brand #hype #logo
#trend #trendy #retrovintage #collector #street #cadeau #legit #authentique #ideecadeau
#vintedstyle #vintedfashion #secondemain #eco #adulte #occasion #unisex #hypebeast #urbanwear
#outfitoftheday #lookdujour #d√©contract√© #tbe #tresbonetat #bonetat #etat #matiere #coton
#polyester #confort #vintagestyle #vintagevibes #streetstyle #envoirapide #soigne #reduction
#discount #lot #prixreduit #prixbas #pascher #commeneuf #photo #archive #secondhand #fit #ootd
#casual #condition #adjustable #ajustable #parfait√©tat #autentico #regalo #outfitdelgiorno #offre
#sconto #saldi #abbigliamento #peuporte #trespeuporte #qualite #quality #original #estado #moda
#mixte # #frip #friperie",https://www.vinted.fr/items/5405588486-bonnet-carhartt,0
Bonnet Carhartt,Carhartt,8.0,Good,5,5.0,35.0,"Bonnet noir Carhartt en bon √©tat parfait pour l‚Äôhiver car tr√®s chaud.
Taille unique",https://www.vinted.fr/items/5401576166-bonnet-carhartt,0
Cuffia Carhartt,Carhartt,10.0,Good,14,4.9,88.0,Usata in buone condizioni,https://www.vinted.fr/items/5399575774-cuffia-carhartt,0
Bonnet Carhartt,Carhartt,14.99,Good,6,5.0,2.0,"Bonnet Carhartt Noir - Taille Unique
Classique et styl√©, ce bonnet Carhartt noir est parfait pour affronter le froid avec √©l√©gance. Taille unique, il s'adapte √† tous. En excellent √©tat, pr√™t √† compl√©ter votre look streetwear ou casual !üñ§

#bonnetCarhartt #bonnetNoir #bonnetStyl√© #bonnetClassique #accessoireHiver #lookStreetwear #lookCasual #bonnetTailleUnique #bonnetHomme #bonnetFemme #bonnetChaud #carharttStyle #modeHiver #bonnetTendance #bonnetConfortable #accessoireMode #bonnetUrbain #carharttFashion #v√™tementStreetwear #lookD√©contract√© #bonnet√âl√©gant #bonnetNoirCarhartt #styleUrbain #bonnetNoirChaud #bonnetWinterStyle #lookHiver #bonnetDeMarque #bonnetCarharttNoir #v√™tementNoir #accessoireChic #bonnetMode #lookHiverStreetwear #carharttWear #bonnetConfort #bonnetUrbainMode #bonnetTendanceHiver #styleCarhartt #bonnetUnisexe #v√™tementChaud #bonnetCasual #carharttNoir #streetwearLook #bonnetStreet #v√™tementsCarhartt #winterStyle #bonnetUni #bonnetTendanceNoir #bonnetStreetwearHomme #bonnetNoirUni #bonnetChaudCarhartt #carharttLook #bonnetStreetwearChic #carharttWinter #bonnetDeMarqueNoir #bonnetHiverChaud #bonnetCarharttStyle #bonnetHiver2025 #CarharttFashionNL #CarharttMuts #zwarteMuts #winteraccessoiresNL #modieuzeMuts #carharttHoed #accessoireWinter #carharttMode #bonnetZwart #winterModeNL #hoedMode #CarharttBonnetIT #berrettoCarhartt #morbidoBerretto #bonnetUnico #carharttLookIT #accessorioInvernale #berrettoUrbano #carharttNero #bonnetChicIT",https://www.vinted.fr/items/5396570699-bonnet-carhartt,0
Carhartt beanie muts,Carhartt,10.0,Good,5,4.9,186.0,Weinig gedragen,https://www.vinted.fr/items/5392380437-carhartt-beanie-muts,0
Cappellino carhartt,Carhartt,5.0,Good,4,5.0,9.0,Come da titolo vendo cappellino usato poco blu scuro,https://www.vinted.fr/items/5383465168-cappellino-carhartt,0
Cuffia Carhartt,Carhartt,10.0,Good,5,4.3,16.0,"Cuffia Carhartt verde militare/marrone, buone condizioni ü•ù

Carhartt beanie military green/brown, good condition ü•ù",https://www.vinted.fr/items/5375133922-cuffia-carhartt,0
Bonnet Carhartt,Carhartt,8.0,Good,12,5.0,104.0,Port√© qques fois,https://www.vinted.fr/items/5374869942-bonnet-carhartt,0
Gorro Carhartt Original,Carhartt,6.0,Good,5,4.5,11.0,Gorro de invierno color marr√≥n. Usado pero en buenas condiciones,https://www.vinted.fr/items/5367703041-gorro-carhartt-original,0
Cappello di lana Carhartt,Carhartt,5.0,Good,4,4.9,27.0,"Cappello di lana marrone Carhartt, ha un buchino sulla parte posteriore come visibile in foto.

#carhartt #carharttberretto",https://www.vinted.fr/items/5353072134-cappello-di-lana-carhartt,0
Carhartt beenie,Carhartt,28.0,Good,4,5.0,300.0,"Carhartt beenie 
Usati ma ancora in buone condizioni
Prezzo per il lotto intero",https://www.vinted.fr/items/5343362156-carhartt-beenie,0
Bonnet Carhartt,Carhartt,10.0,Good,3,4.8,57.0,Tr√®s peu port√©,https://www.vinted.fr/items/5341011349-bonnet-carhartt,0
Bonnet carhartt,Carhartt,6.0,Good,11,4.9,23.0,"Acheter chez carhartt √† Paris dans le 12 le bonnet √† quelques petites peluches de laine mais reste en tr√®s bonne √©tat je l‚Äôai achet√© il y a 1 ans environ 
Pour toutes questions suppl√©mentaire n‚Äôh√©sitez pas √† me contacter",https://www.vinted.fr/items/5339339738-bonnet-carhartt,0
Carhartt M√ºtze/Beanie in rot,Carhartt,5.0,Good,20,4.5,66.0,"Carhartt M√ºtze/Beanie in rot/dunkelrot 
Mit leichten Gebrauchsspuren - der Stoff ist leicht aufgeribbelt/flusig wie auf den Fotos erkennbar. Sonst in gutem Zustand.

Einheitsgr√∂√üe - One size 

#carhartt #beanie #muetze #winter #herbst",https://www.vinted.fr/items/5334288410-carhartt-mutzebeanie-in-rot,0
Bonnet carhartt vintage,Carhartt,12.0,Good,4,3.8,20.0,Neuf √©tat,https://www.vinted.fr/items/5327946351-bonnet-carhartt-vintage,0
Bonnet,Carhartt,10.0,Good,3,4.9,1399.0,Carhartt,https://www.vinted.fr/items/5326062240-bonnet,0
Carhartt dark green beanie,Carhartt,35.0,Good,18,5.0,20.0,"Carhartt dark green beanie, one size, in good condition",https://www.vinted.fr/items/5322208405-carhartt-dark-green-beanie,0
Carharrt Winterm√ºtze Bommel,Carhartt,8.0,Good,3,5.0,76.0,"Verkauf nur au√üerhalb des Systems 
Bezahlung per PayPal oder √úberweisung",https://www.vinted.fr/items/5320015881-carharrt-wintermutze-bommel,0
Berretto caharrt,Carhartt,10.0,Good,4,4.3,7.0,Tenuto in ottime condizioni vendo per inutilizzo,https://www.vinted.fr/items/5319623713-berretto-caharrt,0
Bonnet Carharrt,Carhartt,15.0,Good,3,4.9,28.0,"Bonnet agr√©able,doux et styl√© pour l‚Äôhiver et pas cher ! ‚úÖ",https://www.vinted.fr/items/5317448582-bonnet-carharrt,0
Berretto carhartt,Carhartt,7.0,Good,3,5.0,13.0,"Berretto igienizzato 
Presente un piccolo difetto sopra",https://www.vinted.fr/items/5312931948-berretto-carhartt,0
cappello Carhartt,Carhartt,10.0,Good,3,5.0,11.0,cappello rossastro,https://www.vinted.fr/items/5312243935-cappello-carhartt,0
Carhartt Muts beanie,Carhartt,12.0,Good,3,4.8,66.0,Mooie muts van Carhartt voor de winter.,https://www.vinted.fr/items/5293002821-carhartt-muts-beanie,0
Gorro Carhartt,Carhartt,15.0,Good,6,5.0,8.0,"Usado algumas vezes
Sem nenhuma etiqueta.",https://www.vinted.fr/items/5290110175-gorro-carhartt,0
Bonnet carhartt S,Carhartt,5.0,Good,7,4.8,120.0,Bonnet bonne √©tat taille S,https://www.vinted.fr/items/5287071211-bonnet-carhartt-s,1
Bonnet Carhartt,Carhartt,15.0,Good,3,5.0,209.0,"Bonnet Carhartt 
Cond : Bon √©tat",https://www.vinted.fr/items/5280004831-bonnet-carhartt,0
Bonnet carhartt orange en bon √©tat,Carhartt,18.0,Good,8,4.9,193.0,"Bonnet carhartt collab avec Pelago, en bon √©tat g√©n√©ral",https://www.vinted.fr/items/5263726009-bonnet-carhartt-orange-en-bon-etat,0
Carhartt muts,Carhartt,10.0,Good,5,4.7,15.0,Muts M Carhartt,https://www.vinted.fr/items/5247439930-carhartt-muts,0
Bonnet Carhartt Rouge Bordeaux,Carhartt,14.0,Good,3,4.9,11.0,"Taille grand
Port√© plusieurs fois",https://www.vinted.fr/items/5238510789-bonnet-carhartt-rouge-bordeaux,0
Bonnet Carhartt gris,Carhartt,6.0,Good,18,4.3,23.0,"Bonnet Carhartt gris unisexe 

Bon √©tat",https://www.vinted.fr/items/5233137646-bonnet-carhartt-gris,0
Bonnet Carhartt,Carhartt,6.0,Good,5,5.0,41.0,"Bonnet Carhartt noir 
Taille unique",https://www.vinted.fr/items/5232544778-bonnet-carhartt,0
Bonnet Carhartt,Carhartt,10.0,Good,7,4.4,5.0,Bonnet WIP carhartt noir tr√®s peu port√©,https://www.vinted.fr/items/5229927476-bonnet-carhartt,0
Bonnet carhartt,Carhartt,10.0,Good,8,4.3,35.0,Pas neuf mais en √©tat,https://www.vinted.fr/items/5228661045-bonnet-carhartt,0
Bonnet camouflage,Carhartt,15.0,Good,5,4.4,59.0,Taille unique,https://www.vinted.fr/items/5222163569-bonnet-camouflage,0
Berretto Nero Carhartt WIP,Carhartt,5.0,Good,6,4.9,15.0,"Composizione: 100% acrilica
Fodera: 100% acrilica
Fodera: Leggermente imbottito
Materiale: Maglia",https://www.vinted.fr/items/5220219904-berretto-nero-carhartt-wip,0
Bonnet carhartt,Carhartt,5.0,Good,7,5.0,22.0,Bon √©tat,https://www.vinted.fr/items/5218385993-bonnet-carhartt,1
Orangene M√ºtze von Carhartt,Carhartt,10.0,Good,17,5.0,263.0,Sch√∂ne bunte M√ºtze von Carhartt. Leichte Gebrauchsspuren (Pilling).,https://www.vinted.fr/items/5217683127-orangene-mutze-von-carhartt,0
Carhartt M√ºtze,Carhartt,10.0,Good,4,4.9,15.0,"Die M√ºtze wurde h√§ufig getragen und hat entsprechende Gebrauchsspuren. Es gibt aber keine signifikanten M√§ngel. Sie filzt etwas, aber das l√§sst sich ja entfernen. Entnehmt den Zustand bitte auch den Bildern.
Ansonsten meldet euch gerne, wenn ihr noch Fragen habt :)",https://www.vinted.fr/items/5215521730-carhartt-mutze,0
Cuffia carhartt,Carhartt,7.0,Good,11,3.5,2.0,Cuffia tenuta in buone condizioni e pulita,https://www.vinted.fr/items/5212808833-cuffia-carhartt,0
cappellino carhartt grigio,Carhartt,5.0,Good,3,5.0,12.0,cappellino in lana carhartt grigio,https://www.vinted.fr/items/5193821087-cappellino-carhartt-grigio,0
cappellino carhartt blu scuro,Carhartt,8.0,Good,4,5.0,12.0,"cappellino di lana carhartt, usato poche volte",https://www.vinted.fr/items/5193781469-cappellino-carhartt-blu-scuro,0
cappellino carhartt blu scuro,Carhartt,8.0,Good,4,5.0,12.0,"cappellino di lana carhartt, usato poche volte",https://www.vinted.fr/items/5193781469-cappellino-carhartt-blu-scuro,0
Cappello Carhartt,Carhartt,10.0,Good,3,4.8,11.0,Cappello in lana blu one size,https://www.vinted.fr/items/5184655338-cappello-carhartt,0
Carhartt Beanie M√ºtze grau,Carhartt,15.0,Good,7,5.0,97.0,Selten getragen.,https://www.vinted.fr/items/5170261919-carhartt-beanie-mutze-grau,0
Bonnet,Carhartt,15.0,Good,6,5.0,3.0,Bonnet gris carhartt,https://www.vinted.fr/items/5166102841-bonnet,0
Bonnet Carhartt,Carhartt,10.0,Good,5,4.8,313.0,"Bleu bon √©tat pas de d√©faut 
Envoi rapide et soign√© üì¶",https://www.vinted.fr/items/5155786447-bonnet-carhartt,0
Bonnet carhartt,Carhartt,6.0,Good,6,4.7,108.0,Bonnet marron,https://www.vinted.fr/items/5150793456-bonnet-carhartt,0
Berretta Carhartt,Carhartt,8.0,Good,3,5.0,18.0,"Berretto Carhartt bordeaux
Buone condizioni",https://www.vinted.fr/items/5148808433-berretta-carhartt,0
Gorro Carhartt,Carhartt,9.0,Good,3,4.8,43.0,"Usado, presenta algunas bolitas, pero se conserva bien.
Talla √∫nica",https://www.vinted.fr/items/5141917304-gorro-carhartt,0
Bonnet Carhartt,Carhartt,5.0,Good,3,4.4,13.0,Port√© plusieurs fois mais bon √©tat g√©n√©ral,https://www.vinted.fr/items/5128728816-bonnet-carhartt,0
Bonnet carhartt,Carhartt,9.0,Good,4,5.0,48.0,"D√©j√† port√© 
Lav√©",https://www.vinted.fr/items/5125840511-bonnet-carhartt,0
Bonnet Carhartt,Carhartt,10.0,Good,6,5.0,53.0,Utilis√© mais en bon √©tat,https://www.vinted.fr/items/5113258495-bonnet-carhartt,0
Cappello Carhartt,Carhartt,6.0,Good,6,5.0,14.0,Mason watch cap Carhartt,https://www.vinted.fr/items/5108132735-cappello-carhartt,0
Carhartt M√ºtze,Carhartt,10.0,Good,8,5.0,4.0,Farbe:Blau,https://www.vinted.fr/items/5094451401-carhartt-mutze,0
Cappello Carhartt nero uomi,Carhartt,4.99,Good,4,5.0,7.0,"Vendo cappello CARHARTT uomo
Colore: nero
Per qualsiasi foto o chiarimento sono a completa disposizione.",https://www.vinted.fr/items/5093714168-cappello-carhartt-nero-uomi,0
Bonnet Carhartt,Carhartt,6.0,Good,4,4.8,183.0,Bonnet Carhartt bon √©tat,https://www.vinted.fr/items/5090601551-bonnet-carhartt,0
Bonnet carhartt,Carhartt,10.0,Good,11,5.0,32.0,Bonnet carhartt camel unisexe,https://www.vinted.fr/items/5089578291-bonnet-carhartt,0
Bonnet carhartt marron taille unique,Carhartt,10.0,Good,7,4.9,17.0,"Bonnet carhartt marron taille unique 
En bon √©tat",https://www.vinted.fr/items/5086422094-bonnet-carhartt-marron-taille-unique,0
Carhartt Bonnet,Carhartt,9.0,Good,4,4.9,771.0,Unisexe lifestyle port√© en tr√®s bon √©tat MADE IN USA üá∫üá∏,https://www.vinted.fr/items/5080176962-carhartt-bonnet,0
Bonnet Carhartt gris,Carhartt,5.0,Good,17,4.8,19.0,"Port√© plusieurs fois, avec un d√©faut mise en avant sur les photos",https://www.vinted.fr/items/5078616862-bonnet-carhartt-gris,0
Bonnet Carhartt Cr√®me,Carhartt,7.0,Good,4,,,"Ce bonnet date de mon adolescence, je ne le met plus aujourd'hui.",https://www.vinted.fr/items/5077799322-bonnet-carhartt-creme,0
Berretto Carhartt,Carhartt,8.0,Good,4,5.0,29.0,"Berretto Carhartt in lana, usato",https://www.vinted.fr/items/5076845354-berretto-carhartt,0
Bonnet carhartt,Carhartt,18.0,Good,5,5.0,3.0,"Bonnet noir , port√© quelques fois",https://www.vinted.fr/items/5066537362-bonnet-carhartt,0
Bonnet Carhartt,Carhartt,10.0,Good,7,4.9,216.0,"bon √©tat g√©n√©ral, bouloche l√©g√®rement, √† part √ßa nickel.

Plus d‚Äôinfos/photos en pv :)",https://www.vinted.fr/items/5062958754-bonnet-carhartt,0
Bonnet carhartt,Carhartt,8.0,Good,5,3.9,8.0,Port√©,https://www.vinted.fr/items/5051554386-bonnet-carhartt,0
Carhartt muts,Carhartt,5.0,Good,9,5.0,4.0,Muts. Paar keer gedragen. Some pilling,https://www.vinted.fr/items/5049378709-carhartt-muts,0
Papalina Carhartt nera,Carhartt,10.0,Good,8,5.0,17.0,Vendo bellissima papalina nera Carhartt per inutilizzo. Taglia unica,https://www.vinted.fr/items/5043582314-papalina-carhartt-nera,0
Bonnet Carhartt noir Unisexe,Carhartt,10.0,Good,4,4.9,125.0,Tient chaud,https://www.vinted.fr/items/5035786557-bonnet-carhartt-noir-unisexe,0
Bonnet Carhartt,Carhartt,12.0,Good,4,4.9,161.0,"Bonne Carhartt noir
One size
Bon √©tat pas defaut",https://www.vinted.fr/items/5034877126-bonnet-carhartt,0
Bonnet carhartt,Carhartt,10.0,Good,3,4.9,40.0,"Legit
Excellent √©tat 
Quelque petite peluche pr√©sente dessus",https://www.vinted.fr/items/5026904310-bonnet-carhartt,0
cappello nero carhartt,Carhartt,9.0,Good,9,4.8,79.0,cappello nero carhartt,https://www.vinted.fr/items/5026525909-cappello-nero-carhartt,0
Carharrt M√ºtze,Carhartt,8.0,Good,4,5.0,64.0,Guter Zustand,https://www.vinted.fr/items/5006393629-carharrt-mutze,0
Carhartt bonnets,Carhartt,10.0,Good,5,5.0,5.0,Bonnets carhartt,https://www.vinted.fr/items/4986578694-carhartt-bonnets,0
Cappello Carhartt,Carhartt,4.0,Good,11,4.8,75.0,"Cappello Carhartt uomo originale americano, taglia unica",https://www.vinted.fr/items/4983603074-cappello-carhartt,1
Cuffia Carhartt,Carhartt,8.0,Good,6,4.8,53.0,Infossato poco ben tenuto,https://www.vinted.fr/items/4977902171-cuffia-carhartt,0
cuffia carhartt,Carhartt,5.0,Good,4,5.0,3.0,cuffia usata con inestesismi ( pallini ),https://www.vinted.fr/items/4969255620-cuffia-carhartt,0
Bonnet,Carhartt,5.0,Good,13,4.9,30.0,Pour plus d‚Äôinformations venez en priv√© #bonnet #carhartt,https://www.vinted.fr/items/4962767774-bonnet,1
Bonnet Carhartt,Carhartt,7.0,Good,11,4.7,59.0,"Bonnet noir carhartt deja port√© mais en bon √©tat. 
Prix n√©gociable et informations suppl√©mentaires en priv√© ;)",https://www.vinted.fr/items/4961059650-bonnet-carhartt,0
Bonnet Carhartt,Carhartt,11.0,Good,6,4.2,30.0,"Bonnet noir de la marque Carharrt
En plut√¥t bonne √©tat",https://www.vinted.fr/items/4952877983-bonnet-carhartt,0
Braune M√ºtze von Carhartt,Carhartt,7.0,Good,8,4.9,319.0,Die M√ºtze wurde gerne getragen und ist daher etwas abgepillt an manchen Stellen. Sonst ist sie in einem guten Zustand.,https://www.vinted.fr/items/4941903226-braune-mutze-von-carhartt,0
Bonnet Carhartt,Carhartt,5.0,Good,3,5.0,15.0,"üëï Marque: Carhartt  
üåà Couleur: Bleu Marine 
üìè Taille: Unique 
üíµ Prix: 5‚Ç¨ 

üì¶ Livraison: Rapide et soign√©e

üì∏ Photos disponibles sur demande !",https://www.vinted.fr/items/4930613497-bonnet-carhartt,0
Bonnet Carhartt,Carhartt,5.0,Good,8,4.9,19.0,Acrylic Watch Hat,https://www.vinted.fr/items/4895242603-bonnet-carhartt,0
Bonnet Carhartt,Carhartt,15.0,Good,3,3.0,12.0,Rarement port√© bon √©tat,https://www.vinted.fr/items/4812366102-bonnet-carhartt,0
Carhartt Beanie,Carhartt,5.0,Good,7,5.0,13.0,Etwas fusselig aber dennoch eine gute normale Passform,https://www.vinted.fr/items/4759292291-carhartt-beanie,0
berretto invernale carhartt,Carhartt,9.9,Good,6,5.0,9.0,indossato,https://www.vinted.fr/items/4698156797-berretto-invernale-carhartt,0
Bonnet Carhartt blanc,Carhartt,25.0,Good,13,5.0,12.0,"Bonnet Carhartt blanc

Taille unique

Article en excellent √©tat ( ne pr√©sente aucun d√©faut)",https://www.vinted.fr/items/4689631780-bonnet-carhartt-blanc,0
Bonnet Carhartt,Carhartt,8.0,Good,3,5.0,26.0,"Port√© quelques fois (je la lave si vous l‚Äôachetez)
Tient tr√®s chaud!",https://www.vinted.fr/items/4649240873-bonnet-carhartt,0
bonnet gris Carhartt,Carhartt,6.0,Good,16,4.9,112.0,"bonnet gris Carhartt
taille unique",https://www.vinted.fr/items/4632672660-bonnet-gris-carhartt,0
Cappello in acrilico carhartt x patta,Carhartt,15.0,Good,18,5.0,1.0,Cappello limited edition PATTA x CARHARTT,https://www.vinted.fr/items/4628930555-cappello-in-acrilico-carhartt-x-patta,0
