Title,Brand,Price,ItemStatus,NbFavourite,UserRating,NbEvalUser,Description,URL
Beanie Carhartt,Carhartt,5.0,Good,3,4.9,376,"Gedragen, licht pluizig. One size",https://www.vinted.fr/items/5768732373-beanie-carhartt
Gorro laranja üçä,Carhartt,5.0,Good,9,5,91,"Usado. 
Confort√°vel e adapt√°vel.
Aproveite e veja outras pe√ßas na minha loja para obter descontos e pagar apenas um envio!‚òÄÔ∏èüíú",https://www.vinted.fr/items/5767251162-gorro-laranja
Carhartt Heart beanie,Carhartt,18.0,Good,4,5,33,Sch√∂ne M√ºtze f√ºr den Winter. Wurde wenig getragen.,https://www.vinted.fr/items/5767241616-carhartt-heart-beanie
Bonnet carhartt,Carhartt,3.0,Good,14,4.6,10,Bon √©tat,https://www.vinted.fr/items/5765809703-bonnet-carhartt
Cappello Carhartt lana grigio,Carhartt,5.0,Good,6,5,12,Cappello Carhartt lana grigio,https://www.vinted.fr/items/5765624856-cappello-carhartt-lana-grigio
Carhartt beanie,Carhartt,4.99,Good,31,4.4,117,A bit worn,https://www.vinted.fr/items/5765550975-carhartt-beanie
Carhartt M√ºtze,Carhartt,6.0,Good,11,4.9,19,Carhartt M√ºtze,https://www.vinted.fr/items/5764826573-carhartt-mutze
Berretto carhartt,Carhartt,5.0,Good,4,4.9,37,"Usato poche volte. Da lavare, √® nell'armadio da anni.",https://www.vinted.fr/items/5763568906-berretto-carhartt
Bonnet carhartt,Carhartt,4.0,Good,14,4.8,115,Bon etat,https://www.vinted.fr/items/5763412208-bonnet-carhartt
Bonnet Carhartt brod√© gris,Carhartt,8.0,Good,4,5,774,"Bonnet Carhartt gris 
Broderie noire 
Bon √©tat quelques peluches voir photos 




#carhartt #bonnetcarhartt #carharttworkinprogress #bonnetcarharttbrod√© #bonnetcarharttgris  #bonnetunisexe #bonnethomme #accessoirecarhartt #workinprogress",https://www.vinted.fr/items/5762273832-bonnet-carhartt-brode-gris
Cappello carhartt,Carhartt,7.5,Good,3,4.3,13,"cappello carhartt nero, unisex",https://www.vinted.fr/items/5761593474-cappello-carhartt
Berretto carhartt tg unica unisex color marrone,Carhartt,5.0,Good,18,4.9,210,Berretto carhartt tg unica unisex color marrone. Ha un piccolissimo buco.,https://www.vinted.fr/items/5761255003-berretto-carhartt-tg-unica-unisex-color-marrone
Cappello lana carhartt #carhartt,Carhartt,5.0,Good,9,5,34,"Capello lana, tenuto bene! #carhartt #carharttcappello",https://www.vinted.fr/items/5761163257-cappello-lana-carhartt-carhartt
Gorro Carhartt,Carhartt,10.0,Good,3,5,139,"Color granate.
Tiene uso pero en buen estado.",https://www.vinted.fr/items/5760286602-gorro-carhartt
Bonnet Carhartt Rouge Bordeaux,Carhartt,5.0,Good,4,4.8,42,Bon √©tat,https://www.vinted.fr/items/5760066163-bonnet-carhartt-rouge-bordeaux
Gorro Carhartt,Carhartt,5.0,Good,10,4.8,24,Poco usado el logo esta gris√°ceo,https://www.vinted.fr/items/5755920614-gorro-carhartt
Berretto Carhartt,Carhartt,6.0,Good,29,5,26,"Berretto Carhartt
Cappellino marrone",https://www.vinted.fr/items/5751863365-berretto-carhartt
Zwarte muts - merk Carhartt,Carhartt,12.0,Good,5,5,7,"Zwarte muts
Universele maat
Aantal keer gedragen en gewassen
(M0001)",https://www.vinted.fr/items/5750898311-zwarte-muts-merk-carhartt
Bonnet carhartt,Carhartt,10.0,Good,6,4.5,104,"Bonjour 
Bon √©tat 
Couleur bleu 
Envoie mondial relay",https://www.vinted.fr/items/5748907807-bonnet-carhartt
Bonnet carhartt,Carhartt,4.0,Good,8,4.8,130,Bonnet carhartt bon etat,https://www.vinted.fr/items/5746578688-bonnet-carhartt
cuffia carhartt,Carhartt,5.0,Good,5,5,9,"cuffia carhartt, colore bianco, molto usata",https://www.vinted.fr/items/5744541176-cuffia-carhartt
Bonnet Carhartt,Carhartt,5.0,Good,46,5,67,Bonnet Carhartt classique old school.,https://www.vinted.fr/items/5744218209-bonnet-carhartt
Bonnet carhartt gris clair taille unique,Carhartt,8.0,Good,3,4.9,36,"Bon √©tat
Taille unique",https://www.vinted.fr/items/5741610894-bonnet-carhartt-gris-clair-taille-unique
Zwarte muts Carhartt,Carhartt,5.0,Good,4,5,214,"Zwarte muts. Heb ‚Äòm ook nog in en andere kleur, zie andere advertenties.",https://www.vinted.fr/items/5739112894-zwarte-muts-carhartt
Cappello berretto invernale carhartt nero,Carhartt,7.0,Good,8,No rating,No evaluations,"Berretto invernale carhartt 
Colore nero 
Taglia unica",https://www.vinted.fr/items/5738328047-cappello-berretto-invernale-carhartt-nero
Carhartt Beanie in beige,Carhartt,6.0,Good,10,5,3,"Farbe: beige
Zustand: Gut
Versand: Paket wird am ersten oder zweiten Tag versendet",https://www.vinted.fr/items/5735393384-carhartt-beanie-in-beige
Carhartt beanie grau,Carhartt,5.0,Good,3,4.7,24,Super Zustand,https://www.vinted.fr/items/5734677749-carhartt-beanie-grau
Bonnet bleu carhartt,Carhartt,3.5,Good,3,4.7,47,En bon √©tat un l√©g√®r trou visible sur la deuxi√®me photo,https://www.vinted.fr/items/5734290344-bonnet-bleu-carhartt
Gorro da carhartt,Carhartt,5.0,Good,7,5,3,J√° n√£o uso,https://www.vinted.fr/items/5732832432-gorro-da-carhartt
Carhartt M√ºtze wei√ü,Carhartt,4.99,Good,5,5,8,Sch√∂ne wei√üe Kartm√ºtze,https://www.vinted.fr/items/5732628323-carhartt-mutze-weiss
Bonnet Carhartt bleu fonc√©,Carhartt,5.0,Good,5,5,18,Bon √©tat,https://www.vinted.fr/items/5729489480-bonnet-carhartt-bleu-fonce
Gorro de Carhartt,Carhartt,5.0,Good,15,4.7,20,Bastante usado.,https://www.vinted.fr/items/5728900993-gorro-de-carhartt
Navy Carhartt beanie,Carhartt,6.0,Good,3,5,2,Worn but loads of miles still left I just don‚Äôt reach for navy,https://www.vinted.fr/items/5725729655-navy-carhartt-beanie
Gorro Carhatt,Carhartt,5.0,Good,12,4.8,98,Gorro negro de Carhatt que tiene bastante uso pero est√° en buenas condiciones.,https://www.vinted.fr/items/5725148906-gorro-carhatt
M√ºtze Carhartt,Carhartt,5.0,Good,15,5,341,"Verkaufe diese M√ºtze von Carhartt, pilling vorhanden (siehe Fotos)",https://www.vinted.fr/items/5724957797-mutze-carhartt
Berretto Carhartt,Carhartt,4.5,Good,3,4.9,39,Indossato ma intatto,https://www.vinted.fr/items/5723408311-berretto-carhartt
Bonnet Carhartt Noir,Carhartt,6.0,Good,3,4.7,91,"Bonnet Carhartt Noir 
porte plusieurs Fois 
Taille Unique 
Si vous souhaitez plus de photos venez en dm ;) 
Envoie rapide et s√©curis√©",https://www.vinted.fr/items/5722712655-bonnet-carhartt-noir
Bonnet carharrt,Carhartt,5.0,Good,4,5,91,"Bonnet gris carharrt, taille unique, autant pour homme que pour femme, bon √©tat g√©n√©ral !",https://www.vinted.fr/items/5721925248-bonnet-carharrt
Berretto,Carhartt,5.0,Good,11,5,2,Berretto carhartt disponibile nero o bianco,https://www.vinted.fr/items/5720454521-berretto
Bonnet homme carhartt,Carhartt,8.0,Good,3,4.8,209,Bon √©tat,https://www.vinted.fr/items/5712989936-bonnet-homme-carhartt
Wollm√ºtze mit Schild von Carhartt,Carhartt,10.0,Good,3,5,85,Wenig getragen,https://www.vinted.fr/items/5710383006-wollmutze-mit-schild-von-carhartt
Bonnet carhartt,Carhartt,5.0,Good,4,4.2,42,"Vinted go ,Bon √©tat",https://www.vinted.fr/items/5708683936-bonnet-carhartt
Bonnet Carhartt Gris,Carhartt,8.0,Good,4,5,24,Beanie Ashley Carhartt gris,https://www.vinted.fr/items/5707496064-bonnet-carhartt-gris
Gorro carhartt,Carhartt,8.0,Good,16,4.9,73,Condici√≥n 7/10,https://www.vinted.fr/items/5706083161-gorro-carhartt
Bonnet carhartt,Carhartt,8.5,Good,4,4.5,119,"Bonnet noir. Logo jaune 
Taille universelle",https://www.vinted.fr/items/5706048135-bonnet-carhartt
Bonnet √† pompon Carhartt,Carhartt,3.0,Good,3,5,20,"Mod√®le vintage avec le logo ext√©rieur en cuir

Bouloche en g√©n√©ral mais confirme son charme ancien ‚ò∫Ô∏è(voir photos)

Pas de trous, pas de t√¢ches 

N‚Äôh√©sitez pas √† me contacter",https://www.vinted.fr/items/5705738619-bonnet-a-pompon-carhartt
Carhartt Unisex - Berretto - rosso,Carhartt,8.0,Good,7,2.5,8,Berretto rosso Carhartt,https://www.vinted.fr/items/5703081656-carhartt-unisex-berretto-rosso
Cuffia carhartt unisex,Carhartt,5.0,Good,3,5,150,Buone condizioni,https://www.vinted.fr/items/5701499122-cuffia-carhartt-unisex
Beanie Carhartt,Carhartt,5.0,Good,3,4.9,376,"Gedragen, licht pluizig. One size",https://www.vinted.fr/items/5768732373-beanie-carhartt
Gorro laranja üçä,Carhartt,5.0,Good,9,5,91,"Usado. 
Confort√°vel e adapt√°vel.
Aproveite e veja outras pe√ßas na minha loja para obter descontos e pagar apenas um envio!‚òÄÔ∏èüíú",https://www.vinted.fr/items/5767251162-gorro-laranja
Carhartt Heart beanie,Carhartt,18.0,Good,4,5,33,Sch√∂ne M√ºtze f√ºr den Winter. Wurde wenig getragen.,https://www.vinted.fr/items/5767241616-carhartt-heart-beanie
Bonnet carhartt,Carhartt,3.0,Good,14,4.6,10,Bon √©tat,https://www.vinted.fr/items/5765809703-bonnet-carhartt
Cappello Carhartt lana grigio,Carhartt,5.0,Good,6,5,12,Cappello Carhartt lana grigio,https://www.vinted.fr/items/5765624856-cappello-carhartt-lana-grigio
Carhartt beanie,Carhartt,4.99,Good,31,4.4,117,A bit worn,https://www.vinted.fr/items/5765550975-carhartt-beanie
Carhartt M√ºtze,Carhartt,6.0,Good,11,4.9,19,Carhartt M√ºtze,https://www.vinted.fr/items/5764826573-carhartt-mutze
Berretto carhartt,Carhartt,5.0,Good,4,4.9,37,"Usato poche volte. Da lavare, √® nell'armadio da anni.",https://www.vinted.fr/items/5763568906-berretto-carhartt
Bonnet carhartt,Carhartt,4.0,Good,14,4.8,115,Bon etat,https://www.vinted.fr/items/5763412208-bonnet-carhartt
Bonnet Carhartt brod√© gris,Carhartt,8.0,Good,4,5,774,"Bonnet Carhartt gris 
Broderie noire 
Bon √©tat quelques peluches voir photos 




#carhartt #bonnetcarhartt #carharttworkinprogress #bonnetcarharttbrod√© #bonnetcarharttgris  #bonnetunisexe #bonnethomme #accessoirecarhartt #workinprogress",https://www.vinted.fr/items/5762273832-bonnet-carhartt-brode-gris
Cappello carhartt,Carhartt,7.5,Good,3,4.3,13,"cappello carhartt nero, unisex",https://www.vinted.fr/items/5761593474-cappello-carhartt
Berretto carhartt tg unica unisex color marrone,Carhartt,5.0,Good,18,4.9,210,Berretto carhartt tg unica unisex color marrone. Ha un piccolissimo buco.,https://www.vinted.fr/items/5761255003-berretto-carhartt-tg-unica-unisex-color-marrone
Cappello lana carhartt #carhartt,Carhartt,5.0,Good,9,5,34,"Capello lana, tenuto bene! #carhartt #carharttcappello",https://www.vinted.fr/items/5761163257-cappello-lana-carhartt-carhartt
Gorro Carhartt,Carhartt,10.0,Good,3,5,139,"Color granate.
Tiene uso pero en buen estado.",https://www.vinted.fr/items/5760286602-gorro-carhartt
Bonnet Carhartt Rouge Bordeaux,Carhartt,5.0,Good,4,4.8,42,Bon √©tat,https://www.vinted.fr/items/5760066163-bonnet-carhartt-rouge-bordeaux
Gorro Carhartt,Carhartt,5.0,Good,10,4.8,24,Poco usado el logo esta gris√°ceo,https://www.vinted.fr/items/5755920614-gorro-carhartt
Berretto Carhartt,Carhartt,6.0,Good,29,5,26,"Berretto Carhartt
Cappellino marrone",https://www.vinted.fr/items/5751863365-berretto-carhartt
Zwarte muts - merk Carhartt,Carhartt,12.0,Good,5,5,7,"Zwarte muts
Universele maat
Aantal keer gedragen en gewassen
(M0001)",https://www.vinted.fr/items/5750898311-zwarte-muts-merk-carhartt
Bonnet carhartt,Carhartt,10.0,Good,6,4.5,104,"Bonjour 
Bon √©tat 
Couleur bleu 
Envoie mondial relay",https://www.vinted.fr/items/5748907807-bonnet-carhartt
Bonnet carhartt,Carhartt,4.0,Good,8,4.8,130,Bonnet carhartt bon etat,https://www.vinted.fr/items/5746578688-bonnet-carhartt
cuffia carhartt,Carhartt,5.0,Good,5,5,9,"cuffia carhartt, colore bianco, molto usata",https://www.vinted.fr/items/5744541176-cuffia-carhartt
Bonnet Carhartt,Carhartt,5.0,Good,46,5,67,Bonnet Carhartt classique old school.,https://www.vinted.fr/items/5744218209-bonnet-carhartt
Bonnet carhartt gris clair taille unique,Carhartt,8.0,Good,3,4.9,36,"Bon √©tat
Taille unique",https://www.vinted.fr/items/5741610894-bonnet-carhartt-gris-clair-taille-unique
Zwarte muts Carhartt,Carhartt,5.0,Good,4,5,214,"Zwarte muts. Heb ‚Äòm ook nog in en andere kleur, zie andere advertenties.",https://www.vinted.fr/items/5739112894-zwarte-muts-carhartt
Cappello berretto invernale carhartt nero,Carhartt,7.0,Good,8,No rating,No evaluations,"Berretto invernale carhartt 
Colore nero 
Taglia unica",https://www.vinted.fr/items/5738328047-cappello-berretto-invernale-carhartt-nero
Carhartt Beanie in beige,Carhartt,6.0,Good,10,5,3,"Farbe: beige
Zustand: Gut
Versand: Paket wird am ersten oder zweiten Tag versendet",https://www.vinted.fr/items/5735393384-carhartt-beanie-in-beige
Carhartt beanie grau,Carhartt,5.0,Good,3,4.7,24,Super Zustand,https://www.vinted.fr/items/5734677749-carhartt-beanie-grau
Bonnet bleu carhartt,Carhartt,3.5,Good,3,4.7,47,En bon √©tat un l√©g√®r trou visible sur la deuxi√®me photo,https://www.vinted.fr/items/5734290344-bonnet-bleu-carhartt
Gorro da carhartt,Carhartt,5.0,Good,7,5,3,J√° n√£o uso,https://www.vinted.fr/items/5732832432-gorro-da-carhartt
Carhartt M√ºtze wei√ü,Carhartt,4.99,Good,5,5,8,Sch√∂ne wei√üe Kartm√ºtze,https://www.vinted.fr/items/5732628323-carhartt-mutze-weiss
Bonnet Carhartt bleu fonc√©,Carhartt,5.0,Good,5,5,18,Bon √©tat,https://www.vinted.fr/items/5729489480-bonnet-carhartt-bleu-fonce
Gorro de Carhartt,Carhartt,5.0,Good,15,4.7,20,Bastante usado.,https://www.vinted.fr/items/5728900993-gorro-de-carhartt
Navy Carhartt beanie,Carhartt,6.0,Good,3,5,2,Worn but loads of miles still left I just don‚Äôt reach for navy,https://www.vinted.fr/items/5725729655-navy-carhartt-beanie
Gorro Carhatt,Carhartt,5.0,Good,12,4.8,98,Gorro negro de Carhatt que tiene bastante uso pero est√° en buenas condiciones.,https://www.vinted.fr/items/5725148906-gorro-carhatt
M√ºtze Carhartt,Carhartt,5.0,Good,15,5,341,"Verkaufe diese M√ºtze von Carhartt, pilling vorhanden (siehe Fotos)",https://www.vinted.fr/items/5724957797-mutze-carhartt
Berretto Carhartt,Carhartt,4.5,Good,3,4.9,39,Indossato ma intatto,https://www.vinted.fr/items/5723408311-berretto-carhartt
Bonnet Carhartt Noir,Carhartt,6.0,Good,3,4.7,91,"Bonnet Carhartt Noir 
porte plusieurs Fois 
Taille Unique 
Si vous souhaitez plus de photos venez en dm ;) 
Envoie rapide et s√©curis√©",https://www.vinted.fr/items/5722712655-bonnet-carhartt-noir
Bonnet carharrt,Carhartt,5.0,Good,4,5,91,"Bonnet gris carharrt, taille unique, autant pour homme que pour femme, bon √©tat g√©n√©ral !",https://www.vinted.fr/items/5721925248-bonnet-carharrt
Berretto,Carhartt,5.0,Good,11,5,2,Berretto carhartt disponibile nero o bianco,https://www.vinted.fr/items/5720454521-berretto
Bonnet homme carhartt,Carhartt,8.0,Good,3,4.8,209,Bon √©tat,https://www.vinted.fr/items/5712989936-bonnet-homme-carhartt
Wollm√ºtze mit Schild von Carhartt,Carhartt,10.0,Good,3,5,85,Wenig getragen,https://www.vinted.fr/items/5710383006-wollmutze-mit-schild-von-carhartt
Bonnet carhartt,Carhartt,5.0,Good,4,4.2,42,"Vinted go ,Bon √©tat",https://www.vinted.fr/items/5708683936-bonnet-carhartt
Bonnet Carhartt Gris,Carhartt,8.0,Good,4,5,24,Beanie Ashley Carhartt gris,https://www.vinted.fr/items/5707496064-bonnet-carhartt-gris
Gorro carhartt,Carhartt,8.0,Good,16,4.9,73,Condici√≥n 7/10,https://www.vinted.fr/items/5706083161-gorro-carhartt
Bonnet carhartt,Carhartt,8.5,Good,4,4.5,119,"Bonnet noir. Logo jaune 
Taille universelle",https://www.vinted.fr/items/5706048135-bonnet-carhartt
Bonnet √† pompon Carhartt,Carhartt,3.0,Good,3,5,20,"Mod√®le vintage avec le logo ext√©rieur en cuir

Bouloche en g√©n√©ral mais confirme son charme ancien ‚ò∫Ô∏è(voir photos)

Pas de trous, pas de t√¢ches 

N‚Äôh√©sitez pas √† me contacter",https://www.vinted.fr/items/5705738619-bonnet-a-pompon-carhartt
Carhartt Unisex - Berretto - rosso,Carhartt,8.0,Good,7,2.5,8,Berretto rosso Carhartt,https://www.vinted.fr/items/5703081656-carhartt-unisex-berretto-rosso
Cuffia carhartt unisex,Carhartt,5.0,Good,3,5,150,Buone condizioni,https://www.vinted.fr/items/5701499122-cuffia-carhartt-unisex
Black beanis,Carhartt,3.0,Good,20,5,9,Unisex good quality,https://www.vinted.fr/items/5701278739-black-beanis
Schwarzer Carharrt Beanie Winterm√ºtze,Carhartt,6.0,Good,3,5,1,Bei Fragen gerne melden!,https://www.vinted.fr/items/5700711007-schwarzer-carharrt-beanie-wintermutze
Carhartt hat,Carhartt,10.0,Good,4,5,65,Hat in good condition.,https://www.vinted.fr/items/5695485122-carhartt-hat
Carahrtt bonnet bleu turquoise fonc√©,Carhartt,10.0,Good,5,4.9,385,Bon √©tat,https://www.vinted.fr/items/5693692967-carahrtt-bonnet-bleu-turquoise-fonce
Carhartt muts,Carhartt,10.0,Good,5,4.9,64,"Leuke muts, gebruikt, kan nog heel wat winters fijn mee!",https://www.vinted.fr/items/5425749311-carhartt-muts
Gorro carhartt preto,Carhartt,9.0,Good,4,4.8,57,"One size fits all 
Em boas condi√ß√µes, algum borboto facilmente retirado",https://www.vinted.fr/items/5691519278-gorro-carhartt-preto
Bonnet bleu Carhartt,Carhartt,5.0,Good,6,5,11,Bonnet bleu Carhartt,https://www.vinted.fr/items/5691238236-bonnet-bleu-carhartt
Bonnet Carhartt Beige,Carhartt,4.0,Good,6,4.9,40,"Port√© quelques fois 
Quelques bouloches comme sur les photos",https://www.vinted.fr/items/5689814575-bonnet-carhartt-beige
Wollm√ºtze ‚ÄûCarhartt‚Äú,Carhartt,6.0,Good,19,5,1914,"Graue Wollm√ºtze 
100% Acryl",https://www.vinted.fr/items/5689241310-wollmutze-carhartt
Bonnet Carhartt vert,Carhartt,8.0,Good,46,5,21,"Bonnet Carhartt vert en tr√®s bon √©tat avec des petites bouloches rouge et vert clair. Un peu petit pour moi car l‚Äôessorage en machine √©tait un peu fort, le bonnet a donc perdu en √©lasticit√©. Pour info je fais 57cm de tour de t√™te, ce bonnet conviendra tr√®s bien a une personne qui fait entre 50 et 54cm maximum de tour de t√™te (dimension approximative car je ne suis pas astro-physicien)‚Ä¶faites vos jeux üï∫",https://www.vinted.fr/items/5688301919-bonnet-carhartt-vert
Carhartt muts,Carhartt,7.0,Good,17,4.6,48,Carhartt muts,https://www.vinted.fr/items/5687299465-carhartt-muts
Carhartt,Carhartt,10.0,Good,4,5,464,"Bonnet carhartt 
Vert 
#carhartt #bonnetcarhartt",https://www.vinted.fr/items/5685451025-carhartt
Berretta Carhartt color Borgogna,Carhartt,4.0,Good,3,5,5,"Berretta Carhartt color prugna 
Taglia unica",https://www.vinted.fr/items/5683801452-berretta-carhartt-color-borgogna
Beanie Carharrt,Carhartt,11.0,Good,6,4.7,74,Very nice and warm beanie from Carhartt.,https://www.vinted.fr/items/5683608420-beanie-carharrt
Carhartt M√ºtze grau,Carhartt,5.0,Good,6,5,45,"M√ºtze Beani von Carhartt 
Grau 
Gut erhalten 
Unisex
F√ºr Herren und Damen",https://www.vinted.fr/items/5682671642-carhartt-mutze-grau
carhartt haube,Carhartt,4.0,Good,6,5,76,logo ist etwas verf√§rbt,https://www.vinted.fr/items/5681993468-carhartt-haube
Cappello invernale Carhartt.,Carhartt,4.0,Good,5,5,12,"Vendesi cappello invernale Carhartt. Usato poche volte. Unico difetto i piccoli pallini del tessuto che si sono formati dopo un lavaggio. 
Eliminabili con apposito macchinario per eliminazione dei pelucchi dj maglioni in lana.",https://www.vinted.fr/items/5680758384-cappello-invernale-carhartt
Gorro Carhartt Blue,Carhartt,9.0,Good,7,4.9,972,"Bom estado
Tamanho √∫nico
Envio üöö r√°pido 
Usados de confian√ßa 
V√™ o meu roupeiro / Opini√µes
Envia mensagem a perguntar algo",https://www.vinted.fr/items/5680414428-gorro-carhartt-blue
3x muts Carhartt,Carhartt,16.0,Good,3,4.9,150,Prima staat,https://www.vinted.fr/items/5679954801-3x-muts-carhartt
Muts Carhartt,Carhartt,4.0,Good,15,4.9,177,Zwarte muts van carhartt,https://www.vinted.fr/items/5676305402-muts-carhartt
Bonnet Carhartt,Carhartt,4.0,Good,8,4.9,146,Bon √©tat,https://www.vinted.fr/items/5674917815-bonnet-carhartt
Bonnet carhartt,Carhartt,9.0,Good,4,4.5,16,bonne √©tat,https://www.vinted.fr/items/5673034586-bonnet-carhartt
Bonet carhart,Carhartt,5.0,Good,4,5,6,Plut√¥t bon √©tat,https://www.vinted.fr/items/5672727378-bonet-carhart
Gorro carhartt,Carhartt,6.0,Good,9,5,6,"ALGUNA BOLILLA‚úÖ

üö©Puedes solicitar un lote para obtener descuentos
üëöRopa lavada,planchada y con buen olor 
üööEnv√≠o r√°pido
üìêMedidas en las fotos   
üö® No acepto devoluciones por fallo en la talla as√≠ que comprobad las medidas y aseguraos de que os sirve 
ü§≠No dudes en echar un vistazo a mi armario,art√≠culos frecuentes .   
üôäSi tienes alguna pregunta, te responder√© lo m√°s r√°pido posible .  
üí∂Puedo negociar el precio, siempre que la oferta sea razonable. 



#vintagestyle #vinteditalia #vintedspain #vintedfrance #vintagestyle #champion #brandedvintage #brandedtshirt #france #vintage #brandedclothing #branded #y2k #vintagefashion #ootd #femme #streetwear #felpa #L #blu #y2k #hoodie #streetstyle #authentic #limitededition #fashion #designer #urban #retro #musthave #scuffers #vintagestock #y2kstyle #retrostyle #retrolook #look #vinted #vintedgift #anees90 #90s #anees90s #anees2000 #homme #temme #aesthetic #aestheticstyle #streetwear #streetwearstreet #90svintage #80s #70s #ropa #prendas #luxury #deluxe #clothing. #clothes #vestir #numberone #numberoneclothing #numberoneluxuryclothing. #modern #moderno #lujo #nuevo #unisex #oversize #2024 #2025#superstar #trucker #biker
#gelkayano14 #gelsonoma #gel1130
#kikokostadinov #gel1090 #gelnyc
#hiking. #trekking #unisex #urban #streetwear #trendy #vintage
#80s #90s #skate #skateboard #rap #hiphop #sport #casual #trekking #hiking. #snowboard #ski
#trendy_ #80s #90s #skate #skateboard #rap #hiphop #sport #casual #trekking #hiking, #snowboard #polo #detroit #detroitjacket #polar #outfit #oudoor #whool #sweater #fullzip #aesthetic #denim #boxy #cropped #baggy #jort #bomber #tiger #nexico66 #nfl
#nba #nhl",https://www.vinted.fr/items/5669970466-gorro-carhartt
Cappello Carhartt,Carhartt,8.0,Good,9,4.9,86,Verde militare. Prezzo trattabile.,https://www.vinted.fr/items/5669872088-cappello-carhartt
Carhartt M√ºtze beige,Carhartt,5.0,Good,6,4.9,37,Carhartt M√ºtze in beige,https://www.vinted.fr/items/5669732251-carhartt-mutze-beige
Carhartt cappello,Carhartt,7.0,Good,3,4.8,111,SIZE: UNISEX,https://www.vinted.fr/items/5669727135-carhartt-cappello
Berretta verde,Carhartt,5.0,Good,24,4.7,13,Usato,https://www.vinted.fr/items/5668933198-berretta-verde
Bonnet carhartt noir,Carhartt,5.0,Good,4,4.5,12,Port√© quelque fois,https://www.vinted.fr/items/5667125179-bonnet-carhartt-noir
Bonnet Carhartt,Carhartt,5.0,Good,12,4.9,41,Bonnet carhartt bleu marine taille unique,https://www.vinted.fr/items/5665854622-bonnet-carhartt
Beanie 100% Acrylic,Carhartt,6.0,Good,21,4.8,18,"Mit dem Carhartt bleibt Ihr Kopf und Ihre Ohren auch im tiefsten Winter gesch√ºtzt. Dank des dehnbaren Rippstrickgewebes, ist die M√ºtze perfekt f√ºr die kalten Jahreszeiten.
Mit dem Carhartt¬Æ Logo vorne. Einheitsgr√∂√üe.",https://www.vinted.fr/items/5664851264-beanie-100-acrylic
Bonnet Carhartt Marron,Carhartt,10.0,Good,5,4.6,154,"Bonnet 
Marron / Chcolat 
Carhartt 
 bon √©tat (petit accroc voir photo)

#bonnet #bonnetcarhartt #carhartt #bonnetmarron  #marron #fashion #trendy #tendance #mode #basic #musthave #minimalist #intemporel #chocolat",https://www.vinted.fr/items/5663678914-bonnet-carhartt-marron
Bonnet carhartt,Carhartt,10.0,Good,3,4.3,30,Bonnet carhartt,https://www.vinted.fr/items/5662916752-bonnet-carhartt
Navy carhartt beanie hat,Carhartt,10.0,Good,39,5,1,Dark navy blue carhartt beanie hat,https://www.vinted.fr/items/5661626630-navy-carhartt-beanie-hat
Berretto Carhartt Grigio,Carhartt,5.0,Good,9,5,10,"Berrettino Carhartt color grigio
Indossato poco 
In buono stato",https://www.vinted.fr/items/5660602820-berretto-carhartt-grigio
Gorro Carhartt Stratus,Carhartt,9.0,Good,3,4.9,9,"Gorro usado, est√° en buen estado aunque se pueden apreciar algunas bolas del uso.",https://www.vinted.fr/items/5659254074-gorro-carhartt-stratus
Bonnet Carhartt vintage made in usa üá∫üá∏ gris taille unique,Carhartt,7.0,Good,4,4.9,287,"Bonnet de chez Carhartt couleur gris taille unique 

Beaucoup port√© !",https://www.vinted.fr/items/5658405197-bonnet-carhartt-vintage-made-in-usa-gris-taille-unique
Zuccotto Carhartt,Carhartt,5.0,Good,4,4.8,171,Cappello unisex in buone condizioni,https://www.vinted.fr/items/5656974080-zuccotto-carhartt
Carhartt Beanie,Carhartt,5.0,Good,17,5,275,Wurde gerne getragen weshalb sie ein paar Gebrauchsspuren aufweist,https://www.vinted.fr/items/5655361995-carhartt-beanie
Bonnet Carharrt bleu marine,Carhartt,10.0,Good,5,4.8,73,Bon √©tat,https://www.vinted.fr/items/5654728150-bonnet-carharrt-bleu-marine
Cappello Carharrt,Carhartt,5.0,Good,15,4.9,38,"Cappello Carharrt Invernale
Buone Condizione",https://www.vinted.fr/items/5648698592-cappello-carharrt
Muts Carhartt,Carhartt,4.0,Good,9,5,1,Zwarte muts,https://www.vinted.fr/items/5648182816-muts-carhartt
Carhartt muts,Carhartt,5.0,Good,3,5,1,Zelf amper gedragen,https://www.vinted.fr/items/5647889499-carhartt-muts
Bonnet Carhartt,Carhartt,7.5,Good,13,4.9,78,"Bon √©tat, pas de traces d‚Äôusures 
Bonnet Carhartt gris avec logo devant",https://www.vinted.fr/items/5645773339-bonnet-carhartt
Bonnet Carhartt,Carhartt,5.0,Good,3,5,27,"Bonnet gris chin√© Carhartt
Bon √©tat",https://www.vinted.fr/items/5644656755-bonnet-carhartt
Bonnet carhartt,Carhartt,20.0,Good,12,4.6,14,Un peu de peluches sur le beenie,https://www.vinted.fr/items/5641980839-bonnet-carhartt
Bonnet Carhartt,Carhartt,7.5,Good,9,4.8,26,Je vends ce bonnet :),https://www.vinted.fr/items/5641299815-bonnet-carhartt
Bonnet Carhartt,Carhartt,10.0,Good,6,4.9,789,Bon √©tat g√©n√©ral,https://www.vinted.fr/items/5639486494-bonnet-carhartt
Bonnet Carhartt,Carhartt,5.0,Good,11,4.2,56,Bonnet,https://www.vinted.fr/items/5638933587-bonnet-carhartt
Cappello lana Carhartt,Carhartt,18.0,Good,29,5,22,"Cappello uomo a righe panna, grigio, marrone.
Condizioni buone senza imperfezioni",https://www.vinted.fr/items/5637197909-cappello-lana-carhartt
Bonnet bleu marine Carharrt,Carhartt,8.0,Good,24,4.7,99,Peu port√© bon √©tat,https://www.vinted.fr/items/5637025064-bonnet-bleu-marine-carharrt
Bonnet Carhartt,Carhartt,6.0,Good,3,4.8,58,Bonnet Carhartt noir,https://www.vinted.fr/items/5633510800-bonnet-carhartt
Bonnet Carhartt,Carhartt,5.0,Good,4,5,32,"Bon √©tat
Taille unique",https://www.vinted.fr/items/5633124536-bonnet-carhartt
Cappello invernale carhartt,Carhartt,6.0,Good,7,4.8,64,Usato,https://www.vinted.fr/items/5631655944-cappello-invernale-carhartt
Cappello Carhartt,Carhartt,5.0,Good,13,5,65,#Carhartt #cappellouono #cappelloCarhartt #Carharttuomo #cappellolana,https://www.vinted.fr/items/5631166531-cappello-carhartt
Bonnet Carhartt üß¢,Carhartt,10.0,Good,4,5,25,"Bonnet en bon √©tat, tissu avec des petites bouloches 
Port√© 
Si vous voulez plus d‚Äôinformations venez me dm üòâ",https://www.vinted.fr/items/5630288789-bonnet-carhartt
Bonnet carhartt violet,Carhartt,10.0,Good,5,4.6,82,Bonnet en bon √©tat pas de d√©faut √† signaler juste des petites bouloches du √† l‚Äôusure,https://www.vinted.fr/items/5627068545-bonnet-carhartt-violet
Beige Carhartt M√ºtze,Carhartt,10.0,Good,3,5,5,Die M√ºtze hat einpaar wenige Fussel aber die sieht mal fast gar nicht.,https://www.vinted.fr/items/5625828842-beige-carhartt-mutze
Blaue M√ºtze,Carhartt,5.0,Good,10,5,40,Selten getragen,https://www.vinted.fr/items/5625284387-blaue-mutze
Cuffia nera carhartt,Carhartt,8.0,Good,11,4.8,27,"Cuffia nera, indossata molte volte, ma ancora buona da indossare",https://www.vinted.fr/items/5624922922-cuffia-nera-carhartt
Carhartt Beanie mit Bommel,Carhartt,6.0,Good,3,No rating,No evaluations,Verschieden Rote M√ºtze von Carhartt,https://www.vinted.fr/items/5621850977-carhartt-beanie-mit-bommel
Bonnet Carhartt,Carhartt,5.0,Good,10,4.9,74,"Bonnet en bon √©tat,port√© quelques fois. Ancienne ancienne collection (taille plus petit que les plus r√©cents)",https://www.vinted.fr/items/5617989478-bonnet-carhartt
Gorro castanho Carhartt,Carhartt,8.0,Good,13,5,3,Pouco Usado,https://www.vinted.fr/items/5617506379-gorro-castanho-carhartt
Bonnet,Carhartt,4.0,Good,24,4.9,96,Bon √©tat,https://www.vinted.fr/items/5616506286-bonnet
Berretto carharrt,Carhartt,8.0,Good,8,5,31,Berretto carharrt,https://www.vinted.fr/items/5616203654-berretto-carharrt
Carhartt M√ºtze,Carhartt,15.0,Good,3,4.9,90,#carhartt #beanie #carharttbeanie,https://www.vinted.fr/items/5611704183-carhartt-mutze
Cappello carhartt,Carhartt,5.0,Good,8,4.9,142,Cappello di lana carhartt,https://www.vinted.fr/items/5611319254-cappello-carhartt
Bonnet Carhartt,Carhartt,10.0,Good,4,4.7,207,Bonne noir carhartt bon √©tat,https://www.vinted.fr/items/5609955113-bonnet-carhartt
Bonnet Carhartt couleur vert d'eau,Carhartt,10.0,Good,4,5,228,Bon √©tat,https://www.vinted.fr/items/5608169846-bonnet-carhartt-couleur-vert-deau
Bonnet carhartt,Carhartt,7.0,Good,8,5,8,"Bonnet carhartt port√© mais encore en bonne √©tat
Un peu bouloch√©",https://www.vinted.fr/items/5603380754-bonnet-carhartt
Carhartt M√ºtze schwarz,Carhartt,13.0,Good,4,4.9,382,Guter Zustand,https://www.vinted.fr/items/5593829075-carhartt-mutze-schwarz
Berretto Carhartt,Carhartt,12.0,Good,10,4.6,102,Buone condizioni,https://www.vinted.fr/items/5592632232-berretto-carhartt
Cappello di lana carhartt,Carhartt,5.0,Good,13,4.9,50,Un po‚Äô smollato ma ancora utilizzabile,https://www.vinted.fr/items/5592372377-cappello-di-lana-carhartt
Cappello ragazzo Carhartt,Carhartt,4.0,Good,10,4.9,69,Cappello ragazzo,https://www.vinted.fr/items/5592044846-cappello-ragazzo-carhartt
Carhartt Wip Acrylic Watch Hat Beanie,Carhartt,7.0,Good,9,4.9,220,"Carhartt Wip Acrylic Watch Hat.
Guter Zustand.
Leichtes Peeling.",https://www.vinted.fr/items/5591929765-carhartt-wip-acrylic-watch-hat-beanie
Bonnet Carhartt,Carhartt,15.0,Good,3,5,2,"Le bonnet a √©t√© port√© plusieurs fois, il est en bon √©tat mais a tendance √† se d√©tendre et se d√©former.",https://www.vinted.fr/items/5588757730-bonnet-carhartt
Bonnet Carhartt,Carhartt,15.0,Good,6,5,2,"Le bonnet a √©t√© port√© plusieurs fois, il est en bon √©tat mais il a tendance √† se d√©tendre.",https://www.vinted.fr/items/5588744300-bonnet-carhartt
M√ºtze Carhartt,Carhartt,11.0,Good,9,5,869,"Verkaufe eine M√ºtze von Carhartt in gr√ºn.

Bei Fragen gerne melden",https://www.vinted.fr/items/5585763730-mutze-carhartt
cappello carhartt,Carhartt,10.0,Good,3,4.9,27,usato poco,https://www.vinted.fr/items/5584049545-cappello-carhartt
Carhartt M√ºtze,Carhartt,11.0,Good,5,5,9,"Carhartt M√ºtze 
Onesize
Hellgrau",https://www.vinted.fr/items/5579972002-carhartt-mutze
cappello Carhartt,Carhartt,8.0,Good,6,4.8,10,cappello Carhartt nero usato un po' ma in buone condizioni,https://www.vinted.fr/items/5579440500-cappello-carhartt
Cappello carhartt blu,Carhartt,5.0,Good,4,5,36,Cappello carhartt blu,https://www.vinted.fr/items/5578391916-cappello-carhartt-blu
Carhartt muts,Carhartt,10.0,Good,4,4.6,93,"Beanie, muts,",https://www.vinted.fr/items/5576730024-carhartt-muts
Bonnet Carhartt,Carhartt,3.0,Good,5,4.7,158,Bon √©tat,https://www.vinted.fr/items/5573135460-bonnet-carhartt
Carhartt M√ºtze,Carhartt,5.0,Good,12,4.9,82,"Carhartt M√ºtze ‚ÄûShort Watch Hat‚Äú

Size: One Size

Oben hat sich eine Naht gel√∂st, was sich sicher mit der in paar Nadelstichen beheben l√§sst.",https://www.vinted.fr/items/5570388309-carhartt-mutze
bonnet Carhartt,Carhartt,8.0,Good,3,4.9,117,"üèîÔ∏è carhartt
üé® gris  
üè∑Ô∏è taille unique  
‚ú®bon √©tat ( bouloch√© d√ª au lavage )
 
üòÉ n‚Äôh√©sitez pas pour plus d‚Äôinfo / photo",https://www.vinted.fr/items/5570334265-bonnet-carhartt
Bonnet Carhatt,Carhartt,12.0,Good,3,4.3,51,"Bonjour, en bonne √©tat.",https://www.vinted.fr/items/5570099368-bonnet-carhatt
Gorro Carhart,Carhartt,5.0,Good,5,5,19,Gorro de lana de color teja,https://www.vinted.fr/items/5569486418-gorro-carhart
Bonnet militaire Carhartt,Carhartt,10.0,Good,3,5,168,Port√© quelques fois,https://www.vinted.fr/items/5568703063-bonnet-militaire-carhartt
Bonnet carhartt,Carhartt,10.0,Good,5,5,40,"Bonne carhartt bordeaux et d√©tail noir 
En bonne √©tat 
Unisex",https://www.vinted.fr/items/5567525914-bonnet-carhartt
Cappello Carhartt grigio/arancione,Carhartt,15.0,Good,6,5,7,Cappello Carhartt bicolore grigio/arancione taglia unica buone condizioni,https://www.vinted.fr/items/5566805159-cappello-carhartt-grigioarancione
Bonnet iconique carhartt kaki,Carhartt,10.0,Good,3,5,106,"Bonnet kaki 
Bon √©tat",https://www.vinted.fr/items/5559083992-bonnet-iconique-carhartt-kaki
Bonnet Carhartt couleur Kamel,Carhartt,3.5,Good,10,4.8,27,Bonnet Carhart en moyen √©tat ( bouloche et assez port√© ),https://www.vinted.fr/items/5559009665-bonnet-carhartt-couleur-kamel
Beanie Carhartt,Carhartt,7.5,Good,17,4.9,476,Beanie Carhartt dark greem,https://www.vinted.fr/items/5555371428-beanie-carhartt
Berretto Carharrt,Carhartt,4.0,Good,14,4.1,26,Buone condizioni,https://www.vinted.fr/items/5555096884-berretto-carharrt
Bonnet Gris Carhartt,Carhartt,7.5,Good,3,5,39,En bon √©tat,https://www.vinted.fr/items/5554044631-bonnet-gris-carhartt
Carhartt,Carhartt,5.0,Good,7,4.9,13,Buono ormai vintage,https://www.vinted.fr/items/5552119219-carhartt
Bonnet Carhartt,Carhartt,14.0,Good,3,5,45,"Bonnet Carhartt violet fonc√© / pourpre, taille unique. 
Achet√© d‚Äôoccasion sur Vinted mais ne correspondait pas au coloris recherch√©.",https://www.vinted.fr/items/5551850543-bonnet-carhartt
Bonnet gris chin√© Carhartt,Carhartt,8.0,Good,8,4.9,73,"Port√© quelques fois, bon √©tat",https://www.vinted.fr/items/5549614831-bonnet-gris-chine-carhartt
Carhartt M√ºtze Grau Beanie Vintage Carhartt Retro Winter,Carhartt,6.0,Good,26,4.9,528,"Zustand: Die M√ºtze befindet sich in einem guten Zustand, die M√ºtze hat einen Fleck (siehe letztes Foto).

L√§nge von Oben nach Unten: 15cm

Breite von Links nach Rechts: 22cm

Die M√ºtze wurde vor dem Verkauf gr√ºndlich gewaschen!

#vintage #carhartt #m√ºtze #beanie #retro #grau #winter",https://www.vinted.fr/items/5547932899-carhartt-mutze-grau-beanie-vintage-carhartt-retro-winter
Bonnet Carhartt noir,Carhartt,10.0,Good,6,4.8,147,"Port√©, en bon √©tat",https://www.vinted.fr/items/5546868291-bonnet-carhartt-noir
Carhartt M√ºtze,Carhartt,10.0,Good,11,5,9,"Ich verkaufe eine dunkelrote carhartt M√ºtze

#y2k #brandymelville #urbanoutfitters #jorts #style #trendy #2000",https://www.vinted.fr/items/5542453022-carhartt-mutze
cappello carhartt Rosso con pon pon.,Carhartt,4.0,Good,9,5,21,"Cappello in buono stato, anche se un po'allargato.",https://www.vinted.fr/items/5540105535-cappello-carhartt-rosso-con-pon-pon
Berretto di lana carhartt,Carhartt,10.0,Good,3,5,21,"Berretto di lana color panna carhartt
Buone condizioni 
Valuto offerte solo se realmente interessati
Ottimo affare e prezzo ragionevole
Spedizione in 24/48",https://www.vinted.fr/items/5538358207-berretto-di-lana-carhartt
Cappello Carhartt,Carhartt,12.0,Good,3,4.8,258,Cappello invernale #carhartt,https://www.vinted.fr/items/5537638562-cappello-carhartt
Carhartt beanie,Carhartt,12.0,Good,3,4.3,85,draag hem niet meer,https://www.vinted.fr/items/5536973319-carhartt-beanie
Carhartt Beanie,Carhartt,4.0,Good,5,5,16,"Hier gekauft, mir zu klein‚Ä¶ eher Kinder oder eben kleiner Kopf. 
Gr√∂√üe nicht bekannt, habe hier XS wegen System angegeben.",https://www.vinted.fr/items/5531763045-carhartt-beanie
Bonnet Carhartt,Carhartt,7.0,Good,5,4.9,180,Bon √©tat,https://www.vinted.fr/items/5529412549-bonnet-carhartt
Bonnet mixte Carhartt,Carhartt,12.0,Good,5,4.9,209,"Peluche l√©g√®rement (voir photo) mais sinon tr√®s bon √©tat 
Avec pompon",https://www.vinted.fr/items/5525520356-bonnet-mixte-carhartt
Carhartt Beanie,Carhartt,9.0,Good,11,5,41,Schwarze M√ºtze von Carhartt,https://www.vinted.fr/items/5525153314-carhartt-beanie
Gorro de lana,Carhartt,12.0,Good,3,4.9,39,Gorro de lana en buen estado !.,https://www.vinted.fr/items/5520411790-gorro-de-lana
Beanie Carhartt,Carhartt,6.0,Good,23,4.8,4,"Ein paar Gebrauchsspuren in Form von Fusseln, aber sch√∂n warm und noch sch√∂n elastisch",https://www.vinted.fr/items/5513804919-beanie-carhartt
cappello beige carthartt,Carhartt,7.0,Good,3,4.9,33,cappello beige carthartt,https://www.vinted.fr/items/5511765187-cappello-beige-carthartt
Bonnet Carhartt,Carhartt,3.0,Good,4,5,26,"Port√© Quelques fois
Taille Unique
Couleur Gris",https://www.vinted.fr/items/5507035967-bonnet-carhartt
cappellino carhartt,Carhartt,15.0,Good,4,5,12,cappellino invernale della carhartt,https://www.vinted.fr/items/5506783353-cappellino-carhartt
Carhartt M√ºtze Brown,Carhartt,10.0,Good,3,5,25,"Ist in eienm guten Zustand, f√ºr weitere Informationen gerne anschreiben.",https://www.vinted.fr/items/5505275214-carhartt-mutze-brown
Bonnet Carhartt,Carhartt,10.0,Good,7,5,1,"bonnet porter quelques fois, en tr√®s bon √©tat quelques bouloches mais pas choquantes",https://www.vinted.fr/items/5505075048-bonnet-carhartt
Bonnet Carhartt,Carhartt,10.0,Good,14,4.5,20,"Envoie rapide en 24h
Tiens chaud pour l‚Äôhiver",https://www.vinted.fr/items/5504922569-bonnet-carhartt
Bonnet carhartt,Carhartt,5.0,Good,5,4.3,18,Bonnet avec des peluches mais sans taches,https://www.vinted.fr/items/5494513322-bonnet-carhartt
Bonnet carhartt,Carhartt,6.0,Good,3,5,14,Bon etat,https://www.vinted.fr/items/5487246786-bonnet-carhartt
Gorro Carhartt ü©∂,Carhartt,20.0,Good,3,4.8,76,"Impec√°vel. Tamanho M adulto.
Original. Envio r√°pido ‚è©
Envio gratuito para Portugal ‚è©",https://www.vinted.fr/items/5484277519-gorro-carhartt
Braune M√ºtze von Carhartt WIP,Carhartt,7.0,Good,7,5,6,"Carhartt WIP WATCH
""Hamilton brown""

Getragene aber gepflegte M√ºtze. Billig, aber keine L√∂cher oder Flecken.

100 % Acryl.

Nichtraucherhaushalt. Versand nur versichert oder als B√úWA/P√§ckchen, wenn der K√§ufer das Risiko tr√§gt und mir dieses explizit best√§tigt und der Artikel die entsprechende Gr√∂√üe hat.
Privatverkauf. Keine R√ºcknahme. Keine Garantie.",https://www.vinted.fr/items/5481908247-braune-mutze-von-carhartt-wip
Carhartt cap,Carhartt,4.0,Good,12,4.8,26,"One size 
Grey",https://www.vinted.fr/items/5481879540-carhartt-cap
Bonnet Carhartt gris chin√©,Carhartt,8.0,Good,3,4.9,177,"Bonnet Carhartt gris chin√©, port√© plusieurs fois mais en bon √©tat (quelques bouloches)",https://www.vinted.fr/items/5478424543-bonnet-carhartt-gris-chine
Bonnet,Carhartt,7.0,Good,7,5,76,"Taille correctement 
Taille unique 
Acrylique elasthane",https://www.vinted.fr/items/5477612153-bonnet
Bonnet carhartt noir,Carhartt,9.0,Good,5,4.8,89,"Bien port√© 

Prix n√©gociable 

Si besoin d‚Äôinfo n‚Äôh√©sitez pas üòâ",https://www.vinted.fr/items/5475524826-bonnet-carhartt-noir
Bonnet bleu marine Carhartt,Carhartt,8.0,Good,4,5,308,"Bonnet bleu marine fonc√© de marque Carhartt.
Hauteur du bonnet : 22 cm
Largeur : 22 cm (sans le revers)",https://www.vinted.fr/items/5474236435-bonnet-bleu-marine-carhartt
Bonnet carhartt,Carhartt,10.0,Good,6,4.7,322,Tout est dans le titre,https://www.vinted.fr/items/5472834223-bonnet-carhartt
Bonnet Carhartt,Carhartt,10.0,Good,3,5,17,"Le bonnet est bouloch√© mais c'est rattrapable.
Veuillez consulter mes autres articles, je fais un grand tri.
#Vinted #VenteVinted #ModeSolidaire
#VintedAddict #VenteDeMode #BonnesAffaires
#FashionFinds #VintedFrance #VintedShopping
#AchatVente #Tendances2025 #VintedLovers
#ModeEcoResponsable #SecondeMain
#ChicEtPasCher #VenteDeVetements
#ShoppingDurable #ModeRecycl√©e
#LookVintage #VintedSale",https://www.vinted.fr/items/5471913976-bonnet-carhartt
Carhartt Beanie M√ºtze Weinrot,Carhartt,5.0,Good,24,5,8,M√ºtze halt,https://www.vinted.fr/items/5470928011-carhartt-beanie-mutze-weinrot
Bonnet carhartt,Carhartt,5.0,Good,3,4.9,62,"Bonnet carhartt en bon √©tat.
T.U",https://www.vinted.fr/items/5468582583-bonnet-carhartt
Carrhart Beanie,Carhartt,7.0,Good,3,4.8,10,"In prima staat, 100% acrylic",https://www.vinted.fr/items/5466616668-carrhart-beanie
Berretto in lana Carhartt,Carhartt,8.0,Good,4,4.8,61,Berretto in lana Carhartt unisex.,https://www.vinted.fr/items/5463988984-berretto-in-lana-carhartt
Berretto Carhartt nero unisex,Carhartt,10.0,Good,3,4.8,21,Berretto Carhartt nero unisex,https://www.vinted.fr/items/5463012104-berretto-carhartt-nero-unisex
Cappello Carhartt,Carhartt,5.0,Good,6,4.9,56,"Vendo cappello Carhartt unisex taglia unica.
Condizioni come da foto",https://www.vinted.fr/items/5458532557-cappello-carhartt
Zuccotto Carhartt,Carhartt,4.0,Good,3,5,13,Buona vestibilita‚Äô,https://www.vinted.fr/items/5457556564-zuccotto-carhartt
Bonnet Carhartt noir taille unique,Carhartt,15.0,Good,7,4.9,220,"Tr√®s peu port√© mais un accroc visible en photo (point√© par le stylo)
Envoi rapide et soign√©",https://www.vinted.fr/items/5457528737-bonnet-carhartt-noir-taille-unique
Cuffia Carhartt,Carhartt,10.0,Good,5,5,3,"Cuffia grigia della Carhartt, morbida e calda.",https://www.vinted.fr/items/5457433743-cuffia-carhartt
Bonnet Facemask Carhartt 2 en 1,Carhartt,15.0,Good,12,4.8,366,"Bonnet polaire avec masque int√©gr√©, prot√®ge bien du froid",https://www.vinted.fr/items/5452947615-bonnet-facemask-carhartt-2-en-1
Bonnet carhartt pompom,Carhartt,7.0,Good,3,4.9,25,Bonjour je vend ce bonnet carhartt bleu √† pompom,https://www.vinted.fr/items/5444181683-bonnet-carhartt-pompom
Bonnet Carhartt,Carhartt,10.0,Good,3,4.9,374,"Bonnet carhartt

Taille üìè: unique 
Couleur üé® : marron
√âtat üëï : bon √©tat 
J‚Äôexp√©die sous 24 heures üì¶üöö
Venez priv√©e pour plus de pr√©cision ou de photo 
#Bonnet #Nike #NFL #Homme #Femme # Carhartt #Thenorthface",https://www.vinted.fr/items/5443542646-bonnet-carhartt
Carhartt cappello di lana,Carhartt,10.0,Good,11,4.7,15,"Berretto invernale, usato ma buone condizioni",https://www.vinted.fr/items/5441307864-carhartt-cappello-di-lana
Cuffia Carhartt,Carhartt,8.0,Good,3,5,10,Cuffietta invernale Carhartt / accessorio berretto unisex,https://www.vinted.fr/items/5439269481-cuffia-carhartt
Graue Carhartt Beanie M√ºtze,Carhartt,8.0,Good,3,5,25,"Graue Carhartt Beanie abzugeben.
Ich trage sie einfach nicht mehr",https://www.vinted.fr/items/5434515728-graue-carhartt-beanie-mutze
Carhatt M√ºtze,Carhartt,10.0,Good,4,4.8,54,Ich verkaufe die o.g. M√ºtze von Carhatt. Die M√ºtze ist in einem super Zustand!,https://www.vinted.fr/items/5428871740-carhatt-mutze
Carhartt M√ºtze,Carhartt,8.0,Good,12,5,18,Schwarze M√ºtze Original,https://www.vinted.fr/items/5422320339-carhartt-mutze
Bonnet carhartt,Carhartt,8.0,Good,10,4.9,16,"Salut, 
Le bonnet plut√¥t en bon √©tat,",https://www.vinted.fr/items/5417422026-bonnet-carhartt
"Bonnet, carhartt noir basique",Carhartt,15.0,Good,7,4.9,728,"Bon √©tat, quelques d√©fauts minimes les mesures sont sur les photos.






#bonnethiver #bonnetcarhartt #bonnetchaud #bonnethomme #cappello #berretto #berrettoinvernale #femme38
#chapeau #chapeaufemme #lana #carhartt carhartt #carharttworkwear #carharttusa
#workjacket #detroitjacket #chore #chorejacket
#retrocarhartt #carharttwip #carharttsmall
#Vintagecarhartt #vintage-carharttjacket
#workpant #vestecarhartt #vestecarharttnoire
#vestevintage #car-hartt90s #carhartt90 #aspen
#modular #activejacket #duckcoat #og.
#michiganchore-coat #michigan",https://www.vinted.fr/items/5415965184-bonnet-carhartt-noir-basique
Carhartt Muts beanie black,Carhartt,7.95,Good,4,4.4,79,Carhartt Muts hat beanie black,https://www.vinted.fr/items/5413789548-carhartt-muts-beanie-black
Cuffia Carhart,Carhartt,10.0,Good,6,4.9,64,Lana nera con risvolto,https://www.vinted.fr/items/5412460734-cuffia-carhart
M√ºtze Carhartt,Carhartt,9.0,Good,14,5,8,"sch√∂nes Rot, sch√∂ne M√ºtze, f√ºr sch√∂ne Person",https://www.vinted.fr/items/5411512729-mutze-carhartt
Bonnet Carhartt,Carhartt,10.0,Good,3,4.9,117,"üëïTaille : Taille unique 
‚úÖ √âtat : Bon √©tat, juste une petite tache √† l'arri√®re mais qui peut s'enlever avec un bon lavage, prix n√©gociable.
üì¶ Exp√©dition sous 48H
üôèFrais de ports ajustable


#vintage #streetwear #mode #style #homme #femme #tendance #flow #style #estilo #clothing
#outfit #hombre #rare #collection #editionlimite #limitededition #edicionlimitada #modelo #modele
#oversized #menswear #taille #size #couleur #color #trade #echange #marque #brand #hype #logo
#trend #trendy #retrovintage #collector #street #cadeau #legit #authentique #ideecadeau
#vintedstyle #vintedfashion #secondemain #eco #adulte #occasion #unisex #hypebeast #urbanwear
#outfitoftheday #lookdujour #d√©contract√© #tbe #tresbonetat #bonetat #etat #matiere #coton
#polyester #confort #vintagestyle #vintagevibes #streetstyle #envoirapide #soigne #reduction
#discount #lot #prixreduit #prixbas #pascher #commeneuf #photo #archive #secondhand #fit #ootd
#casual #condition #adjustable #ajustable #parfait√©tat #autentico #regalo #outfitdelgiorno #offre
#sconto #saldi #abbigliamento #peuporte #trespeuporte #qualite #quality #original #estado #moda
#mixte # #frip #friperie",https://www.vinted.fr/items/5405588486-bonnet-carhartt
Bonnet Carhartt,Carhartt,8.0,Good,5,5,35,"Bonnet noir Carhartt en bon √©tat parfait pour l‚Äôhiver car tr√®s chaud.
Taille unique",https://www.vinted.fr/items/5401576166-bonnet-carhartt
Cuffia Carhartt,Carhartt,10.0,Good,14,4.9,88,Usata in buone condizioni,https://www.vinted.fr/items/5399575774-cuffia-carhartt
Bonnet Carhartt,Carhartt,14.99,Good,6,5,2,"Bonnet Carhartt Noir - Taille Unique
Classique et styl√©, ce bonnet Carhartt noir est parfait pour affronter le froid avec √©l√©gance. Taille unique, il s'adapte √† tous. En excellent √©tat, pr√™t √† compl√©ter votre look streetwear ou casual !üñ§

#bonnetCarhartt #bonnetNoir #bonnetStyl√© #bonnetClassique #accessoireHiver #lookStreetwear #lookCasual #bonnetTailleUnique #bonnetHomme #bonnetFemme #bonnetChaud #carharttStyle #modeHiver #bonnetTendance #bonnetConfortable #accessoireMode #bonnetUrbain #carharttFashion #v√™tementStreetwear #lookD√©contract√© #bonnet√âl√©gant #bonnetNoirCarhartt #styleUrbain #bonnetNoirChaud #bonnetWinterStyle #lookHiver #bonnetDeMarque #bonnetCarharttNoir #v√™tementNoir #accessoireChic #bonnetMode #lookHiverStreetwear #carharttWear #bonnetConfort #bonnetUrbainMode #bonnetTendanceHiver #styleCarhartt #bonnetUnisexe #v√™tementChaud #bonnetCasual #carharttNoir #streetwearLook #bonnetStreet #v√™tementsCarhartt #winterStyle #bonnetUni #bonnetTendanceNoir #bonnetStreetwearHomme #bonnetNoirUni #bonnetChaudCarhartt #carharttLook #bonnetStreetwearChic #carharttWinter #bonnetDeMarqueNoir #bonnetHiverChaud #bonnetCarharttStyle #bonnetHiver2025 #CarharttFashionNL #CarharttMuts #zwarteMuts #winteraccessoiresNL #modieuzeMuts #carharttHoed #accessoireWinter #carharttMode #bonnetZwart #winterModeNL #hoedMode #CarharttBonnetIT #berrettoCarhartt #morbidoBerretto #bonnetUnico #carharttLookIT #accessorioInvernale #berrettoUrbano #carharttNero #bonnetChicIT",https://www.vinted.fr/items/5396570699-bonnet-carhartt
Carhartt beanie muts,Carhartt,10.0,Good,5,4.9,186,Weinig gedragen,https://www.vinted.fr/items/5392380437-carhartt-beanie-muts
Cappellino carhartt,Carhartt,5.0,Good,4,5,9,Come da titolo vendo cappellino usato poco blu scuro,https://www.vinted.fr/items/5383465168-cappellino-carhartt
Cuffia Carhartt,Carhartt,10.0,Good,5,4.3,16,"Cuffia Carhartt verde militare/marrone, buone condizioni ü•ù

Carhartt beanie military green/brown, good condition ü•ù",https://www.vinted.fr/items/5375133922-cuffia-carhartt
Bonnet Carhartt,Carhartt,8.0,Good,12,5,104,Port√© qques fois,https://www.vinted.fr/items/5374869942-bonnet-carhartt
Gorro Carhartt Original,Carhartt,6.0,Good,5,4.5,11,Gorro de invierno color marr√≥n. Usado pero en buenas condiciones,https://www.vinted.fr/items/5367703041-gorro-carhartt-original
Cappello di lana Carhartt,Carhartt,5.0,Good,4,4.9,27,"Cappello di lana marrone Carhartt, ha un buchino sulla parte posteriore come visibile in foto.

#carhartt #carharttberretto",https://www.vinted.fr/items/5353072134-cappello-di-lana-carhartt
Carhartt beenie,Carhartt,28.0,Good,4,5,300,"Carhartt beenie 
Usati ma ancora in buone condizioni
Prezzo per il lotto intero",https://www.vinted.fr/items/5343362156-carhartt-beenie
Bonnet Carhartt,Carhartt,10.0,Good,3,4.8,57,Tr√®s peu port√©,https://www.vinted.fr/items/5341011349-bonnet-carhartt
Bonnet carhartt,Carhartt,6.0,Good,11,4.9,23,"Acheter chez carhartt √† Paris dans le 12 le bonnet √† quelques petites peluches de laine mais reste en tr√®s bonne √©tat je l‚Äôai achet√© il y a 1 ans environ 
Pour toutes questions suppl√©mentaire n‚Äôh√©sitez pas √† me contacter",https://www.vinted.fr/items/5339339738-bonnet-carhartt
Carhartt M√ºtze/Beanie in rot,Carhartt,5.0,Good,20,4.5,66,"Carhartt M√ºtze/Beanie in rot/dunkelrot 
Mit leichten Gebrauchsspuren - der Stoff ist leicht aufgeribbelt/flusig wie auf den Fotos erkennbar. Sonst in gutem Zustand.

Einheitsgr√∂√üe - One size 

#carhartt #beanie #muetze #winter #herbst",https://www.vinted.fr/items/5334288410-carhartt-mutzebeanie-in-rot
Bonnet carhartt vintage,Carhartt,12.0,Good,4,3.8,20,Neuf √©tat,https://www.vinted.fr/items/5327946351-bonnet-carhartt-vintage
Bonnet,Carhartt,10.0,Good,3,4.9,1399,Carhartt,https://www.vinted.fr/items/5326062240-bonnet
Carhartt dark green beanie,Carhartt,35.0,Good,18,5,20,"Carhartt dark green beanie, one size, in good condition",https://www.vinted.fr/items/5322208405-carhartt-dark-green-beanie
Carharrt Winterm√ºtze Bommel,Carhartt,8.0,Good,3,5,76,"Verkauf nur au√üerhalb des Systems 
Bezahlung per PayPal oder √úberweisung",https://www.vinted.fr/items/5320015881-carharrt-wintermutze-bommel
Berretto caharrt,Carhartt,10.0,Good,4,4.3,7,Tenuto in ottime condizioni vendo per inutilizzo,https://www.vinted.fr/items/5319623713-berretto-caharrt
Bonnet Carharrt,Carhartt,15.0,Good,3,4.9,28,"Bonnet agr√©able,doux et styl√© pour l‚Äôhiver et pas cher ! ‚úÖ",https://www.vinted.fr/items/5317448582-bonnet-carharrt
Berretto carhartt,Carhartt,7.0,Good,3,5,13,"Berretto igienizzato 
Presente un piccolo difetto sopra",https://www.vinted.fr/items/5312931948-berretto-carhartt
cappello Carhartt,Carhartt,10.0,Good,3,5,11,cappello rossastro,https://www.vinted.fr/items/5312243935-cappello-carhartt
Carhartt Muts beanie,Carhartt,12.0,Good,3,4.8,66,Mooie muts van Carhartt voor de winter.,https://www.vinted.fr/items/5293002821-carhartt-muts-beanie
Gorro Carhartt,Carhartt,15.0,Good,6,5,8,"Usado algumas vezes
Sem nenhuma etiqueta.",https://www.vinted.fr/items/5290110175-gorro-carhartt
Bonnet carhartt S,Carhartt,5.0,Good,7,4.8,120,Bonnet bonne √©tat taille S,https://www.vinted.fr/items/5287071211-bonnet-carhartt-s
Bonnet Carhartt,Carhartt,15.0,Good,3,5,209,"Bonnet Carhartt 
Cond : Bon √©tat",https://www.vinted.fr/items/5280004831-bonnet-carhartt
Bonnet carhartt orange en bon √©tat,Carhartt,18.0,Good,8,4.9,193,"Bonnet carhartt collab avec Pelago, en bon √©tat g√©n√©ral",https://www.vinted.fr/items/5263726009-bonnet-carhartt-orange-en-bon-etat
Carhartt muts,Carhartt,10.0,Good,5,4.7,15,Muts M Carhartt,https://www.vinted.fr/items/5247439930-carhartt-muts
Bonnet Carhartt Rouge Bordeaux,Carhartt,14.0,Good,3,4.9,11,"Taille grand
Port√© plusieurs fois",https://www.vinted.fr/items/5238510789-bonnet-carhartt-rouge-bordeaux
Bonnet Carhartt gris,Carhartt,6.0,Good,18,4.3,23,"Bonnet Carhartt gris unisexe 

Bon √©tat",https://www.vinted.fr/items/5233137646-bonnet-carhartt-gris
Bonnet Carhartt,Carhartt,6.0,Good,5,5,41,"Bonnet Carhartt noir 
Taille unique",https://www.vinted.fr/items/5232544778-bonnet-carhartt
Bonnet Carhartt,Carhartt,10.0,Good,7,4.4,5,Bonnet WIP carhartt noir tr√®s peu port√©,https://www.vinted.fr/items/5229927476-bonnet-carhartt
Bonnet carhartt,Carhartt,10.0,Good,8,4.3,35,Pas neuf mais en √©tat,https://www.vinted.fr/items/5228661045-bonnet-carhartt
Bonnet camouflage,Carhartt,15.0,Good,5,4.4,59,Taille unique,https://www.vinted.fr/items/5222163569-bonnet-camouflage
Berretto Nero Carhartt WIP,Carhartt,5.0,Good,6,4.9,15,"Composizione: 100% acrilica
Fodera: 100% acrilica
Fodera: Leggermente imbottito
Materiale: Maglia",https://www.vinted.fr/items/5220219904-berretto-nero-carhartt-wip
Bonnet carhartt,Carhartt,5.0,Good,7,5,22,Bon √©tat,https://www.vinted.fr/items/5218385993-bonnet-carhartt
Orangene M√ºtze von Carhartt,Carhartt,10.0,Good,17,5,263,Sch√∂ne bunte M√ºtze von Carhartt. Leichte Gebrauchsspuren (Pilling).,https://www.vinted.fr/items/5217683127-orangene-mutze-von-carhartt
Carhartt M√ºtze,Carhartt,10.0,Good,4,4.9,15,"Die M√ºtze wurde h√§ufig getragen und hat entsprechende Gebrauchsspuren. Es gibt aber keine signifikanten M√§ngel. Sie filzt etwas, aber das l√§sst sich ja entfernen. Entnehmt den Zustand bitte auch den Bildern.
Ansonsten meldet euch gerne, wenn ihr noch Fragen habt :)",https://www.vinted.fr/items/5215521730-carhartt-mutze
Cuffia carhartt,Carhartt,7.0,Good,11,3.5,2,Cuffia tenuta in buone condizioni e pulita,https://www.vinted.fr/items/5212808833-cuffia-carhartt
cappellino carhartt grigio,Carhartt,5.0,Good,3,5,12,cappellino in lana carhartt grigio,https://www.vinted.fr/items/5193821087-cappellino-carhartt-grigio
cappellino carhartt blu scuro,Carhartt,8.0,Good,4,5,12,"cappellino di lana carhartt, usato poche volte",https://www.vinted.fr/items/5193781469-cappellino-carhartt-blu-scuro
cappellino carhartt blu scuro,Carhartt,8.0,Good,4,5,12,"cappellino di lana carhartt, usato poche volte",https://www.vinted.fr/items/5193781469-cappellino-carhartt-blu-scuro
Cappello Carhartt,Carhartt,10.0,Good,3,4.8,11,Cappello in lana blu one size,https://www.vinted.fr/items/5184655338-cappello-carhartt
Carhartt Beanie M√ºtze grau,Carhartt,15.0,Good,7,5,97,Selten getragen.,https://www.vinted.fr/items/5170261919-carhartt-beanie-mutze-grau
Bonnet,Carhartt,15.0,Good,6,5,3,Bonnet gris carhartt,https://www.vinted.fr/items/5166102841-bonnet
Bonnet Carhartt,Carhartt,10.0,Good,5,4.8,313,"Bleu bon √©tat pas de d√©faut 
Envoi rapide et soign√© üì¶",https://www.vinted.fr/items/5155786447-bonnet-carhartt
Bonnet carhartt,Carhartt,6.0,Good,6,4.7,108,Bonnet marron,https://www.vinted.fr/items/5150793456-bonnet-carhartt
Berretta Carhartt,Carhartt,8.0,Good,3,5,18,"Berretto Carhartt bordeaux
Buone condizioni",https://www.vinted.fr/items/5148808433-berretta-carhartt
Gorro Carhartt,Carhartt,9.0,Good,3,4.8,43,"Usado, presenta algunas bolitas, pero se conserva bien.
Talla √∫nica",https://www.vinted.fr/items/5141917304-gorro-carhartt
Bonnet Carhartt,Carhartt,5.0,Good,3,4.4,13,Port√© plusieurs fois mais bon √©tat g√©n√©ral,https://www.vinted.fr/items/5128728816-bonnet-carhartt
Bonnet carhartt,Carhartt,9.0,Good,4,5,48,"D√©j√† port√© 
Lav√©",https://www.vinted.fr/items/5125840511-bonnet-carhartt
Bonnet Carhartt,Carhartt,10.0,Good,6,5,53,Utilis√© mais en bon √©tat,https://www.vinted.fr/items/5113258495-bonnet-carhartt
Cappello Carhartt,Carhartt,6.0,Good,6,5,14,Mason watch cap Carhartt,https://www.vinted.fr/items/5108132735-cappello-carhartt
Carhartt M√ºtze,Carhartt,10.0,Good,8,5,4,Farbe:Blau,https://www.vinted.fr/items/5094451401-carhartt-mutze
Cappello Carhartt nero uomi,Carhartt,4.99,Good,4,5,7,"Vendo cappello CARHARTT uomo
Colore: nero
Per qualsiasi foto o chiarimento sono a completa disposizione.",https://www.vinted.fr/items/5093714168-cappello-carhartt-nero-uomi
Bonnet Carhartt,Carhartt,6.0,Good,4,4.8,183,Bonnet Carhartt bon √©tat,https://www.vinted.fr/items/5090601551-bonnet-carhartt
Bonnet carhartt,Carhartt,10.0,Good,11,5,32,Bonnet carhartt camel unisexe,https://www.vinted.fr/items/5089578291-bonnet-carhartt
Bonnet carhartt marron taille unique,Carhartt,10.0,Good,7,4.9,17,"Bonnet carhartt marron taille unique 
En bon √©tat",https://www.vinted.fr/items/5086422094-bonnet-carhartt-marron-taille-unique
Carhartt Bonnet,Carhartt,9.0,Good,4,4.9,771,Unisexe lifestyle port√© en tr√®s bon √©tat MADE IN USA üá∫üá∏,https://www.vinted.fr/items/5080176962-carhartt-bonnet
Bonnet Carhartt gris,Carhartt,5.0,Good,17,4.8,19,"Port√© plusieurs fois, avec un d√©faut mise en avant sur les photos",https://www.vinted.fr/items/5078616862-bonnet-carhartt-gris
Bonnet Carhartt Cr√®me,Carhartt,7.0,Good,4,No rating,No evaluations,"Ce bonnet date de mon adolescence, je ne le met plus aujourd'hui.",https://www.vinted.fr/items/5077799322-bonnet-carhartt-creme
Berretto Carhartt,Carhartt,8.0,Good,4,5,29,"Berretto Carhartt in lana, usato",https://www.vinted.fr/items/5076845354-berretto-carhartt
Bonnet carhartt,Carhartt,18.0,Good,5,5,3,"Bonnet noir , port√© quelques fois",https://www.vinted.fr/items/5066537362-bonnet-carhartt
Bonnet Carhartt,Carhartt,10.0,Good,7,4.9,216,"bon √©tat g√©n√©ral, bouloche l√©g√®rement, √† part √ßa nickel.

Plus d‚Äôinfos/photos en pv :)",https://www.vinted.fr/items/5062958754-bonnet-carhartt
Bonnet carhartt,Carhartt,8.0,Good,5,3.9,8,Port√©,https://www.vinted.fr/items/5051554386-bonnet-carhartt
Carhartt muts,Carhartt,5.0,Good,9,5,4,Muts. Paar keer gedragen. Some pilling,https://www.vinted.fr/items/5049378709-carhartt-muts
Papalina Carhartt nera,Carhartt,10.0,Good,8,5,17,Vendo bellissima papalina nera Carhartt per inutilizzo. Taglia unica,https://www.vinted.fr/items/5043582314-papalina-carhartt-nera
Bonnet Carhartt noir Unisexe,Carhartt,10.0,Good,4,4.9,125,Tient chaud,https://www.vinted.fr/items/5035786557-bonnet-carhartt-noir-unisexe
Bonnet Carhartt,Carhartt,12.0,Good,4,4.9,161,"Bonne Carhartt noir
One size
Bon √©tat pas defaut",https://www.vinted.fr/items/5034877126-bonnet-carhartt
Bonnet carhartt,Carhartt,10.0,Good,3,4.9,40,"Legit
Excellent √©tat 
Quelque petite peluche pr√©sente dessus",https://www.vinted.fr/items/5026904310-bonnet-carhartt
cappello nero carhartt,Carhartt,9.0,Good,9,4.8,79,cappello nero carhartt,https://www.vinted.fr/items/5026525909-cappello-nero-carhartt
Carharrt M√ºtze,Carhartt,8.0,Good,4,5,64,Guter Zustand,https://www.vinted.fr/items/5006393629-carharrt-mutze
Carhartt bonnets,Carhartt,10.0,Good,5,5,5,Bonnets carhartt,https://www.vinted.fr/items/4986578694-carhartt-bonnets
Cappello Carhartt,Carhartt,4.0,Good,11,4.8,75,"Cappello Carhartt uomo originale americano, taglia unica",https://www.vinted.fr/items/4983603074-cappello-carhartt
Cuffia Carhartt,Carhartt,8.0,Good,6,4.8,53,Infossato poco ben tenuto,https://www.vinted.fr/items/4977902171-cuffia-carhartt
cuffia carhartt,Carhartt,5.0,Good,4,5,3,cuffia usata con inestesismi ( pallini ),https://www.vinted.fr/items/4969255620-cuffia-carhartt
Bonnet,Carhartt,5.0,Good,13,4.9,30,Pour plus d‚Äôinformations venez en priv√© #bonnet #carhartt,https://www.vinted.fr/items/4962767774-bonnet
Bonnet Carhartt,Carhartt,7.0,Good,11,4.7,59,"Bonnet noir carhartt deja port√© mais en bon √©tat. 
Prix n√©gociable et informations suppl√©mentaires en priv√© ;)",https://www.vinted.fr/items/4961059650-bonnet-carhartt
Bonnet Carhartt,Carhartt,11.0,Good,6,4.2,30,"Bonnet noir de la marque Carharrt
En plut√¥t bonne √©tat",https://www.vinted.fr/items/4952877983-bonnet-carhartt
Braune M√ºtze von Carhartt,Carhartt,7.0,Good,8,4.9,319,Die M√ºtze wurde gerne getragen und ist daher etwas abgepillt an manchen Stellen. Sonst ist sie in einem guten Zustand.,https://www.vinted.fr/items/4941903226-braune-mutze-von-carhartt
Bonnet Carhartt,Carhartt,5.0,Good,3,5,15,"üëï Marque: Carhartt  
üåà Couleur: Bleu Marine 
üìè Taille: Unique 
üíµ Prix: 5‚Ç¨ 

üì¶ Livraison: Rapide et soign√©e

üì∏ Photos disponibles sur demande !",https://www.vinted.fr/items/4930613497-bonnet-carhartt
Bonnet Carhartt,Carhartt,5.0,Good,8,4.9,19,Acrylic Watch Hat,https://www.vinted.fr/items/4895242603-bonnet-carhartt
Bonnet Carhartt,Carhartt,15.0,Good,3,3,12,Rarement port√© bon √©tat,https://www.vinted.fr/items/4812366102-bonnet-carhartt
Carhartt Beanie,Carhartt,5.0,Good,7,5,13,Etwas fusselig aber dennoch eine gute normale Passform,https://www.vinted.fr/items/4759292291-carhartt-beanie
berretto invernale carhartt,Carhartt,9.9,Good,6,5,9,indossato,https://www.vinted.fr/items/4698156797-berretto-invernale-carhartt
Bonnet Carhartt blanc,Carhartt,25.0,Good,13,5,12,"Bonnet Carhartt blanc

Taille unique

Article en excellent √©tat ( ne pr√©sente aucun d√©faut)",https://www.vinted.fr/items/4689631780-bonnet-carhartt-blanc
Bonnet Carhartt,Carhartt,8.0,Good,3,5,26,"Port√© quelques fois (je la lave si vous l‚Äôachetez)
Tient tr√®s chaud!",https://www.vinted.fr/items/4649240873-bonnet-carhartt
bonnet gris Carhartt,Carhartt,6.0,Good,16,4.9,112,"bonnet gris Carhartt
taille unique",https://www.vinted.fr/items/4632672660-bonnet-gris-carhartt
Cappello in acrilico carhartt x patta,Carhartt,15.0,Good,18,5,1,Cappello limited edition PATTA x CARHARTT,https://www.vinted.fr/items/4628930555-cappello-in-acrilico-carhartt-x-patta
