Title,Brand,Price,ItemStatus,NbFavourite,UserRating,NbEvalUser,Description,URL
Cappellino militare con visiera camouflage,Carhartt,10.0,Good,5,4.8,82,"Cappellino militare con visiera Carhartt
Camouflage in ripstop
Regolazione a strap",https://www.vinted.fr/items/5770235952-cappellino-militare-con-visiera-camouflage
Casquette Carhartt Madison Logo Cap beige,Carhartt,22.9,Good,4,4.9,1199,"Je ne fais pas de photos portÃ©es âŒ    

Casquette Carhartt Madison Logo Cap beige 

âœ… Bon Ã©tat  

ğŸ“¦ Frais de port ajustÃ© au plus bas  

ğŸ“© Pour les lots envoyez moi un message  

ğŸ’¨ ExpÃ©dition rapide en 24/48h  Pour tout renseignement, nâ€™hÃ©sitez pas Ã  me contacterğŸ™‚  

#y2k #carhartt #carharttwip",https://www.vinted.fr/items/5769471839-casquette-carhartt-madison-logo-cap-beige
Casquette Carhartt,Carhartt,15.0,Good,26,No rating,No evaluations,Casquette Carhartt,https://www.vinted.fr/items/5766561906-casquette-carhartt
Casquette Carhartt,Carhartt,30.0,Good,4,3.7,59,"Casquette en velours bordeaux en bon Ã©tat. 

Taille Unique 

Remise en main propre Ã  Paris/Boulogne possible",https://www.vinted.fr/items/5762330613-casquette-carhartt
Berretto Carhartt grigio,Carhartt,4.0,Good,7,5,9,Berretto Carhartt grigio. Unisex,https://www.vinted.fr/items/5759207132-berretto-carhartt-grigio
Carhatt Cap,Carhartt,15.0,Good,3,4.9,81,"Cap/ Basecap von Carhatt
Hellblau",https://www.vinted.fr/items/5758694759-carhatt-cap
Gorra Carhartt,Carhartt,14.95,Good,24,No rating,No evaluations,"* Estado 8/10 âœ…ï¸

* Color negro",https://www.vinted.fr/items/5754918541-gorra-carhartt
Carhartt Blaue Corduroy Cap orangene Schrift,Carhartt,20.0,Good,22,5,11,"Carhartt Blaue Cap
Condition: 8/10
GrÃ¶ÃŸe: One size
Preis verhandelbar",https://www.vinted.fr/items/5755084995-carhartt-blaue-corduroy-cap-orangene-schrift
Cappellino imbottito Carhartt,Carhartt,10.0,Good,4,4.7,13,Bellissimo cappellino vintage dÃ¬ Carhartt con imbottitura invernale . Taglia unica .,https://www.vinted.fr/items/5743075697-cappellino-imbottito-carhartt
Gorra carhartt a cuadros. Ajustable,Carhartt,4.0,Good,18,5,4,Gorra carhartt a cuadros. Ajustable con velcro. Visera plana. Corte militar.,https://www.vinted.fr/items/5734002616-gorra-carhartt-a-cuadros-ajustable
Carhartt Cap,Carhartt,15.0,Good,6,4.9,30,SchÃ¶ne Cap,https://www.vinted.fr/items/5731440329-carhartt-cap
ChapÃ©u vermelho Carhartt,Carhartt,10.0,Good,3,5,31,Com algumas marcas de uso,https://www.vinted.fr/items/5721591825-chapeu-vermelho-carhartt
Casquette carhartt,Carhartt,20.0,Good,47,4.5,69,"Couleur crÃ¨me 
Un peu tachÃ© sur la visiÃ¨re ( terre battue)",https://www.vinted.fr/items/5716068072-casquette-carhartt
dunkel Blaue Carhartt MÃ¼tze,Carhartt,6.0,Good,24,5,1,"sehr selten getragen
Ist etwas dÃ¼nkler und nicht so leuchtend wie am foto",https://www.vinted.fr/items/5714817807-dunkel-blaue-carhartt-mutze
Casquette homme carhartt,Carhartt,10.0,Good,8,4.9,111,Bon Ã©tat,https://www.vinted.fr/items/5712496522-casquette-homme-carhartt
Casquette Carhartt beige en velour,Carhartt,20.0,Good,17,4.8,134,"Casquette Carhartt en velour.
Couleur beige, taille unique.
Unisexe.

La casquette n'a aucun dÃ©faut de mÃ©canismes, mais est tachÃ©e.

N'hÃ©sitez pas Ã  me contacter si besoin :)

#casquettecarhartt #carhartt #hat #hatcarhartt #carharttcasquette #velour #casquettevelour #casquettebeige #casquettevelourbeige #casquettebeigevelour #casquettevelourcarhartt #casquettecarharttvelour #casquettevelourcotele",https://www.vinted.fr/items/5711738929-casquette-carhartt-beige-en-velour
Lot 2 casquettes,Carhartt,20.0,Good,3,4.9,82,"Lot 2 casquettes 
1 Carhartt blanche portÃ© qlq fois 
1 armor under bleu portÃ© qlq fois",https://www.vinted.fr/items/5710426960-lot-2-casquettes
Berretto Carhartt rosso,Carhartt,10.0,Good,5,5,107,Buone condizioni,https://www.vinted.fr/items/5709167637-berretto-carhartt-rosso
Casquette carhartt truck vintage trucker cap grise grey,Carhartt,20.0,Good,28,4.9,485,"Bon Ã©tat gÃ©nÃ©ral (vintage article)






















#casquettecarhartt #casquettecarharttunisexe #casquettecarharttvintage #casquettevintage #casquettetrucker #truckcap #truckercarhartt #carhartttruckercap #carharttcasquette",https://www.vinted.fr/items/5702515995-casquette-carhartt-truck-vintage-trucker-cap-grise-grey
casquette carhartt,Carhartt,25.0,Good,5,5,41,bon etat,https://www.vinted.fr/items/5699659467-casquette-carhartt
Carhartt pet bruin,Carhartt,16.5,Good,33,4.6,38,"Carhartt pet bruin
Unisex",https://www.vinted.fr/items/5695481973-carhartt-pet-bruin
Casquette Carhartt,Carhartt,10.0,Good,4,5,12,Un peu usÃ©e,https://www.vinted.fr/items/5694425719-casquette-carhartt
Cappello Carharrt,Carhartt,15.0,Good,8,4.3,27,Calleppo Nero Carharrt,https://www.vinted.fr/items/5690119518-cappello-carharrt
Casquette carhartt,Carhartt,10.0,Good,15,4.8,266,"Casquette carhartt original, en bon Ã©tat gÃ©nÃ©ral mis Ã  part le plastique abÃ®mÃ© !

#carharttwip #carharttvintage #carhartt",https://www.vinted.fr/items/5689228889-casquette-carhartt
Carh artt. Hat. Classic.,Carhartt,23.0,Good,4,No rating,No evaluations,Brand new rocker hat.,https://www.vinted.fr/items/5687626963-carh-artt-hat-classic
Casquette Carhartt Rose,Carhartt,20.0,Good,3,4.6,17,"ğŸ›ï¸| Casquette Carhartt Rose 

âœ…|  Bon Ã©tat ( Trace blanche sur le devant, se voit peu Ã  lumiÃ¨re naturelle ) 

ğŸ“| Taille Unique 

ğŸšš| Colis bien emballÃ©, expÃ©diÃ© sous 24/48h 

ğŸ’¬| Pour toutes questions ou informations, n'hÃ©sitez pas Ã  m'envoyer un message.

#casquette #casquetterose #casquettecarhartt #carhartt #accessoiremode #modeurbaine #stylecasual #lookdÃ©contractÃ© #casquettestyle #accessoirefemme #accessoirehomme #casquettecolorÃ©e #tenuetrendy #casquettemoderne #modefemme #modehomme #fashionminimaliste #carharttstyle #casquettetendance #vÃªtementsstreetwear #rosaekappe #carharttkappe #casualstyle #modetrends #lÃ¤ssigemode #kopfbedeckung #minimalistischemode #streetwearlook #stylischeaccessoires #gorrarosa #carharttgorra #modaurbana #accesoriosmoda #gorraunisex #ropacasual #modamoderna #estilominimalista #carharttestilo #berrettorosabasico #modaurbana #stileminimalista #accessoricasual #modaunisex #abbigliamentomoderno #chapeucasual #bonÃ©rosa #carharttbonÃ© #modaurbana #estilocasual #modaminimalista #acessÃ³rioestiloso #modeurbain #minimalistischestil #rosepet #streetwearmode #modieuzetoneel #trendyhoed #carharttfashion #modernstreetwear #fashionurban #casualhat #minimalstyle #trendystyle #streetwearaccessory",https://www.vinted.fr/items/5674196806-casquette-carhartt-rose
Casquette carhartt,Carhartt,20.0,Good,5,5,43,"Peu portÃ©e,",https://www.vinted.fr/items/5673128543-casquette-carhartt
Casquette hat Carhartt trucker camel,Carhartt,23.0,Good,20,4.9,1009,"Casquette Carhartt workwear dÃ©jÃ  portÃ© aucune tÃ¢che aucun dÃ©faut spÃ©cial mais dÃ©jÃ  portÃ©. 

Casquette ajustable",https://www.vinted.fr/items/5670727101-casquette-hat-carhartt-trucker-camel
Casquette Carhartt,Carhartt,25.0,Good,8,No rating,No evaluations,"PortÃ© un Ã©tÃ© lÃ©gÃ¨rement dÃ©colorÃ© d'ou la vente
Taille unique
Bleu marine
Carhartt
Velours",https://www.vinted.fr/items/5665945822-casquette-carhartt
Cappello carhartt,Carhartt,20.0,Good,11,4.9,183,"Cappello carhartt regolabile vintage unisex
Buone condizioni con una macchia
Ottima vestibilitÃ¡
Colore senape",https://www.vinted.fr/items/5662633111-cappello-carhartt
Casquette carhartt bleu claire,Carhartt,28.0,Good,5,4.6,28,PortÃ© plusieurs fois cet Ã©tÃ©,https://www.vinted.fr/items/5659782421-casquette-carhartt-bleu-claire
MÃ¼tze Carhartt,Carhartt,5.0,Good,10,4.9,58,MÃ¼tze Carhartt,https://www.vinted.fr/items/5646975768-mutze-carhartt
Carhartt Purple Harlem Cap,Carhartt,24.99,Good,14,No rating,No evaluations,"â€¢Purple corduroy baseball cap
â€¢Good condition 
â€¢Some small orange highlighter marks (almost not visible)
â€¢Open for offers",https://www.vinted.fr/items/5645166120-carhartt-purple-harlem-cap
Carhartt WintermÃ¼tze,Carhartt,9.0,Good,9,5,51,"Super QualitÃ¤t, gern getragen",https://www.vinted.fr/items/5642537243-carhartt-wintermutze
Berretto Carhartt,Carhartt,8.0,Good,11,5,147,"Berretto Carhartt elasticizzato color cachi
Misure come in foto",https://www.vinted.fr/items/5629537545-berretto-carhartt
Cappello Snapback Carhartt Starter Black Label Raro OSFM Velluto a coste Nero regolabile,Carhartt,32.0,Good,4,4.9,34,"Usato ma ancora in ottime condizioni.

Oggetto raro e vintage.

100% cotone.

Imballaggio sicuro e protetto per evitare ammaccature.",https://www.vinted.fr/items/5620692146-cappello-snapback-carhartt-starter-black-label-raro-osfm-velluto-a-coste-nero-regolabile
Berretto,Carhartt,12.0,Good,5,4.9,30,Berretto carhartt vendo per inutilizzo,https://www.vinted.fr/items/5616456198-berretto
Casquette Carharrt,Carhartt,10.0,Good,7,5,14,"Casquette Carharrt Night Starter
VisiÃ¨re lÃ©gÃ¨rement dÃ©lavÃ© (voir photo) mais trÃ¨s bon Ã©tat gÃ©nÃ©ral.",https://www.vinted.fr/items/5611382793-casquette-carharrt
Gorra carhartt,Carhartt,15.0,Good,3,5,10,"Color blanco
Usado con algunas pequeÃ±as manchas que apenas se aprecian,se ve en las fotos.
Talla Ãºnica",https://www.vinted.fr/items/5611167772-gorra-carhartt
Casquette Carhartt,Carhartt,16.0,Good,4,4.7,72,"Casquette Carhartt
Bleu ciel 
Bon Ã©tat",https://www.vinted.fr/items/5606421365-casquette-carhartt
Carhartt Cap EinheitsgrÃ¶ÃŸe,Carhartt,20.0,Good,6,5,22,"Guter Zustand, hat eine verblichene Stelle (Streifen), siehe Bild.",https://www.vinted.fr/items/5601702633-carhartt-cap-einheitsgrosse
Carhartt,Carhartt,10.0,Good,3,5,81,"Capello unisex Carhartt, usato ma in buone condizioni, colore nero.",https://www.vinted.fr/items/5595624062-carhartt
casquette carhartt starter,Carhartt,15.0,Good,11,4.7,284,portÃ© manque deux point de reglage,https://www.vinted.fr/items/5585503806-casquette-carhartt-starter
Casquette Carhartt,Carhartt,15.0,Good,9,4.6,18,"Casquette Carhartt beige/crÃ¨me
Un peu tachÃ© (voir derniÃ¨res photos)",https://www.vinted.fr/items/5585192229-casquette-carhartt
Casquette carhartt,Carhartt,11.0,Good,5,4.8,93,Casquette carhartt,https://www.vinted.fr/items/5563391642-casquette-carhartt
Cappello Carhartt,Carhartt,15.0,Good,3,4.9,159,"Cappello Carhartt 
Usato ma in ottime condizioni
Taglia unica
Presenti leggere macchioline nella parte interna.",https://www.vinted.fr/items/5560345201-cappello-carhartt
Gorra Carhartt,Carhartt,10.0,Good,8,4,153,Gorra carhartt comprada en Chicago. Buen estado,https://www.vinted.fr/items/5555714095-gorra-carhartt
cappello grigio carhartt,Carhartt,6.5,Good,6,5,10,buone condizioni,https://www.vinted.fr/items/5552223107-cappello-grigio-carhartt
Cappellino militare con visiera camouflage,Carhartt,10.0,Good,5,4.8,82,"Cappellino militare con visiera Carhartt
Camouflage in ripstop
Regolazione a strap",https://www.vinted.fr/items/5770235952-cappellino-militare-con-visiera-camouflage
Casquette Carhartt Madison Logo Cap beige,Carhartt,22.9,Good,4,4.9,1199,"Je ne fais pas de photos portÃ©es âŒ    

Casquette Carhartt Madison Logo Cap beige 

âœ… Bon Ã©tat  

ğŸ“¦ Frais de port ajustÃ© au plus bas  

ğŸ“© Pour les lots envoyez moi un message  

ğŸ’¨ ExpÃ©dition rapide en 24/48h  Pour tout renseignement, nâ€™hÃ©sitez pas Ã  me contacterğŸ™‚  

#y2k #carhartt #carharttwip",https://www.vinted.fr/items/5769471839-casquette-carhartt-madison-logo-cap-beige
Casquette Carhartt,Carhartt,15.0,Good,26,No rating,No evaluations,Casquette Carhartt,https://www.vinted.fr/items/5766561906-casquette-carhartt
Casquette Carhartt,Carhartt,30.0,Good,4,3.7,59,"Casquette en velours bordeaux en bon Ã©tat. 

Taille Unique 

Remise en main propre Ã  Paris/Boulogne possible",https://www.vinted.fr/items/5762330613-casquette-carhartt
Berretto Carhartt grigio,Carhartt,4.0,Good,7,5,9,Berretto Carhartt grigio. Unisex,https://www.vinted.fr/items/5759207132-berretto-carhartt-grigio
Carhatt Cap,Carhartt,15.0,Good,3,4.9,81,"Cap/ Basecap von Carhatt
Hellblau",https://www.vinted.fr/items/5758694759-carhatt-cap
Gorra Carhartt,Carhartt,14.95,Good,24,No rating,No evaluations,"* Estado 8/10 âœ…ï¸

* Color negro",https://www.vinted.fr/items/5754918541-gorra-carhartt
Carhartt Blaue Corduroy Cap orangene Schrift,Carhartt,20.0,Good,22,5,11,"Carhartt Blaue Cap
Condition: 8/10
GrÃ¶ÃŸe: One size
Preis verhandelbar",https://www.vinted.fr/items/5755084995-carhartt-blaue-corduroy-cap-orangene-schrift
Cappellino imbottito Carhartt,Carhartt,10.0,Good,4,4.7,13,Bellissimo cappellino vintage dÃ¬ Carhartt con imbottitura invernale . Taglia unica .,https://www.vinted.fr/items/5743075697-cappellino-imbottito-carhartt
Gorra carhartt a cuadros. Ajustable,Carhartt,4.0,Good,18,5,4,Gorra carhartt a cuadros. Ajustable con velcro. Visera plana. Corte militar.,https://www.vinted.fr/items/5734002616-gorra-carhartt-a-cuadros-ajustable
Carhartt Cap,Carhartt,15.0,Good,6,4.9,30,SchÃ¶ne Cap,https://www.vinted.fr/items/5731440329-carhartt-cap
ChapÃ©u vermelho Carhartt,Carhartt,10.0,Good,3,5,31,Com algumas marcas de uso,https://www.vinted.fr/items/5721591825-chapeu-vermelho-carhartt
Casquette carhartt,Carhartt,20.0,Good,47,4.5,69,"Couleur crÃ¨me 
Un peu tachÃ© sur la visiÃ¨re ( terre battue)",https://www.vinted.fr/items/5716068072-casquette-carhartt
dunkel Blaue Carhartt MÃ¼tze,Carhartt,6.0,Good,24,5,1,"sehr selten getragen
Ist etwas dÃ¼nkler und nicht so leuchtend wie am foto",https://www.vinted.fr/items/5714817807-dunkel-blaue-carhartt-mutze
Casquette homme carhartt,Carhartt,10.0,Good,8,4.9,111,Bon Ã©tat,https://www.vinted.fr/items/5712496522-casquette-homme-carhartt
Casquette Carhartt beige en velour,Carhartt,20.0,Good,17,4.8,134,"Casquette Carhartt en velour.
Couleur beige, taille unique.
Unisexe.

La casquette n'a aucun dÃ©faut de mÃ©canismes, mais est tachÃ©e.

N'hÃ©sitez pas Ã  me contacter si besoin :)

#casquettecarhartt #carhartt #hat #hatcarhartt #carharttcasquette #velour #casquettevelour #casquettebeige #casquettevelourbeige #casquettebeigevelour #casquettevelourcarhartt #casquettecarharttvelour #casquettevelourcotele",https://www.vinted.fr/items/5711738929-casquette-carhartt-beige-en-velour
Lot 2 casquettes,Carhartt,20.0,Good,3,4.9,82,"Lot 2 casquettes 
1 Carhartt blanche portÃ© qlq fois 
1 armor under bleu portÃ© qlq fois",https://www.vinted.fr/items/5710426960-lot-2-casquettes
Berretto Carhartt rosso,Carhartt,10.0,Good,5,5,107,Buone condizioni,https://www.vinted.fr/items/5709167637-berretto-carhartt-rosso
Casquette carhartt truck vintage trucker cap grise grey,Carhartt,20.0,Good,28,4.9,485,"Bon Ã©tat gÃ©nÃ©ral (vintage article)






















#casquettecarhartt #casquettecarharttunisexe #casquettecarharttvintage #casquettevintage #casquettetrucker #truckcap #truckercarhartt #carhartttruckercap #carharttcasquette",https://www.vinted.fr/items/5702515995-casquette-carhartt-truck-vintage-trucker-cap-grise-grey
casquette carhartt,Carhartt,25.0,Good,5,5,41,bon etat,https://www.vinted.fr/items/5699659467-casquette-carhartt
Carhartt pet bruin,Carhartt,16.5,Good,33,4.6,38,"Carhartt pet bruin
Unisex",https://www.vinted.fr/items/5695481973-carhartt-pet-bruin
Casquette Carhartt,Carhartt,10.0,Good,4,5,12,Un peu usÃ©e,https://www.vinted.fr/items/5694425719-casquette-carhartt
Cappello Carharrt,Carhartt,15.0,Good,8,4.3,27,Calleppo Nero Carharrt,https://www.vinted.fr/items/5690119518-cappello-carharrt
Casquette carhartt,Carhartt,10.0,Good,15,4.8,266,"Casquette carhartt original, en bon Ã©tat gÃ©nÃ©ral mis Ã  part le plastique abÃ®mÃ© !

#carharttwip #carharttvintage #carhartt",https://www.vinted.fr/items/5689228889-casquette-carhartt
Carh artt. Hat. Classic.,Carhartt,23.0,Good,4,No rating,No evaluations,Brand new rocker hat.,https://www.vinted.fr/items/5687626963-carh-artt-hat-classic
Casquette Carhartt Rose,Carhartt,20.0,Good,3,4.6,17,"ğŸ›ï¸| Casquette Carhartt Rose 

âœ…|  Bon Ã©tat ( Trace blanche sur le devant, se voit peu Ã  lumiÃ¨re naturelle ) 

ğŸ“| Taille Unique 

ğŸšš| Colis bien emballÃ©, expÃ©diÃ© sous 24/48h 

ğŸ’¬| Pour toutes questions ou informations, n'hÃ©sitez pas Ã  m'envoyer un message.

#casquette #casquetterose #casquettecarhartt #carhartt #accessoiremode #modeurbaine #stylecasual #lookdÃ©contractÃ© #casquettestyle #accessoirefemme #accessoirehomme #casquettecolorÃ©e #tenuetrendy #casquettemoderne #modefemme #modehomme #fashionminimaliste #carharttstyle #casquettetendance #vÃªtementsstreetwear #rosaekappe #carharttkappe #casualstyle #modetrends #lÃ¤ssigemode #kopfbedeckung #minimalistischemode #streetwearlook #stylischeaccessoires #gorrarosa #carharttgorra #modaurbana #accesoriosmoda #gorraunisex #ropacasual #modamoderna #estilominimalista #carharttestilo #berrettorosabasico #modaurbana #stileminimalista #accessoricasual #modaunisex #abbigliamentomoderno #chapeucasual #bonÃ©rosa #carharttbonÃ© #modaurbana #estilocasual #modaminimalista #acessÃ³rioestiloso #modeurbain #minimalistischestil #rosepet #streetwearmode #modieuzetoneel #trendyhoed #carharttfashion #modernstreetwear #fashionurban #casualhat #minimalstyle #trendystyle #streetwearaccessory",https://www.vinted.fr/items/5674196806-casquette-carhartt-rose
Casquette carhartt,Carhartt,20.0,Good,5,5,43,"Peu portÃ©e,",https://www.vinted.fr/items/5673128543-casquette-carhartt
Casquette hat Carhartt trucker camel,Carhartt,23.0,Good,20,4.9,1009,"Casquette Carhartt workwear dÃ©jÃ  portÃ© aucune tÃ¢che aucun dÃ©faut spÃ©cial mais dÃ©jÃ  portÃ©. 

Casquette ajustable",https://www.vinted.fr/items/5670727101-casquette-hat-carhartt-trucker-camel
Casquette Carhartt,Carhartt,25.0,Good,8,No rating,No evaluations,"PortÃ© un Ã©tÃ© lÃ©gÃ¨rement dÃ©colorÃ© d'ou la vente
Taille unique
Bleu marine
Carhartt
Velours",https://www.vinted.fr/items/5665945822-casquette-carhartt
Cappello carhartt,Carhartt,20.0,Good,11,4.9,183,"Cappello carhartt regolabile vintage unisex
Buone condizioni con una macchia
Ottima vestibilitÃ¡
Colore senape",https://www.vinted.fr/items/5662633111-cappello-carhartt
Casquette carhartt bleu claire,Carhartt,28.0,Good,5,4.6,28,PortÃ© plusieurs fois cet Ã©tÃ©,https://www.vinted.fr/items/5659782421-casquette-carhartt-bleu-claire
MÃ¼tze Carhartt,Carhartt,5.0,Good,10,4.9,58,MÃ¼tze Carhartt,https://www.vinted.fr/items/5646975768-mutze-carhartt
Carhartt Purple Harlem Cap,Carhartt,24.99,Good,14,No rating,No evaluations,"â€¢Purple corduroy baseball cap
â€¢Good condition 
â€¢Some small orange highlighter marks (almost not visible)
â€¢Open for offers",https://www.vinted.fr/items/5645166120-carhartt-purple-harlem-cap
Carhartt WintermÃ¼tze,Carhartt,9.0,Good,9,5,51,"Super QualitÃ¤t, gern getragen",https://www.vinted.fr/items/5642537243-carhartt-wintermutze
Berretto Carhartt,Carhartt,8.0,Good,11,5,147,"Berretto Carhartt elasticizzato color cachi
Misure come in foto",https://www.vinted.fr/items/5629537545-berretto-carhartt
Cappello Snapback Carhartt Starter Black Label Raro OSFM Velluto a coste Nero regolabile,Carhartt,32.0,Good,4,4.9,34,"Usato ma ancora in ottime condizioni.

Oggetto raro e vintage.

100% cotone.

Imballaggio sicuro e protetto per evitare ammaccature.",https://www.vinted.fr/items/5620692146-cappello-snapback-carhartt-starter-black-label-raro-osfm-velluto-a-coste-nero-regolabile
Berretto,Carhartt,12.0,Good,5,4.9,30,Berretto carhartt vendo per inutilizzo,https://www.vinted.fr/items/5616456198-berretto
Casquette Carharrt,Carhartt,10.0,Good,7,5,14,"Casquette Carharrt Night Starter
VisiÃ¨re lÃ©gÃ¨rement dÃ©lavÃ© (voir photo) mais trÃ¨s bon Ã©tat gÃ©nÃ©ral.",https://www.vinted.fr/items/5611382793-casquette-carharrt
Gorra carhartt,Carhartt,15.0,Good,3,5,10,"Color blanco
Usado con algunas pequeÃ±as manchas que apenas se aprecian,se ve en las fotos.
Talla Ãºnica",https://www.vinted.fr/items/5611167772-gorra-carhartt
Casquette Carhartt,Carhartt,16.0,Good,4,4.7,72,"Casquette Carhartt
Bleu ciel 
Bon Ã©tat",https://www.vinted.fr/items/5606421365-casquette-carhartt
Carhartt Cap EinheitsgrÃ¶ÃŸe,Carhartt,20.0,Good,6,5,22,"Guter Zustand, hat eine verblichene Stelle (Streifen), siehe Bild.",https://www.vinted.fr/items/5601702633-carhartt-cap-einheitsgrosse
Carhartt,Carhartt,10.0,Good,3,5,81,"Capello unisex Carhartt, usato ma in buone condizioni, colore nero.",https://www.vinted.fr/items/5595624062-carhartt
casquette carhartt starter,Carhartt,15.0,Good,11,4.7,284,portÃ© manque deux point de reglage,https://www.vinted.fr/items/5585503806-casquette-carhartt-starter
Casquette Carhartt,Carhartt,15.0,Good,9,4.6,18,"Casquette Carhartt beige/crÃ¨me
Un peu tachÃ© (voir derniÃ¨res photos)",https://www.vinted.fr/items/5585192229-casquette-carhartt
Casquette carhartt,Carhartt,11.0,Good,5,4.8,93,Casquette carhartt,https://www.vinted.fr/items/5563391642-casquette-carhartt
Cappello Carhartt,Carhartt,15.0,Good,3,4.9,159,"Cappello Carhartt 
Usato ma in ottime condizioni
Taglia unica
Presenti leggere macchioline nella parte interna.",https://www.vinted.fr/items/5560345201-cappello-carhartt
Gorra Carhartt,Carhartt,10.0,Good,8,4,153,Gorra carhartt comprada en Chicago. Buen estado,https://www.vinted.fr/items/5555714095-gorra-carhartt
cappello grigio carhartt,Carhartt,6.5,Good,6,5,10,buone condizioni,https://www.vinted.fr/items/5552223107-cappello-grigio-carhartt
Cappellino Carhartt,Carhartt,12.8,Good,3,4.9,90,Vendo per inutilizzo,https://www.vinted.fr/items/5550829130-cappellino-carhartt
Casquette carhartt beige,Carhartt,20.0,Good,4,4.9,108,"âœ…Ã‰tat: Bon Ã©tat 

ğŸ“taille: Taille unique 

ğŸ¨couleur: beige, voir kaki 

Si vous avez des questions nâ€™hÃ©sitez pas ğŸ˜‰

â€”â€”â€”â€”â€”â€”â€”â€”â€”â€”â€”â€”â€”â€”â€”â€”â€”â€”â€”â€”â€”â€”#Carhartt #CasquetteCarhartt #Casquette #Streetwear #Mode #Style #Fashion #Casual #Accessoires #CarharttFrance #ModeUrbain #VÃªtementsDeMarque #Vinted #CasquetteStylÃ©e #LookDÃ©contractÃ© #CasquetteUnisexe #ModeStreetwear #AccessoiresDeMode",https://www.vinted.fr/items/5548348499-casquette-carhartt-beige
#gorro#punto#liso#,Carhartt,16.0,Good,4,4.9,1065,"#gorro#punto#liso##bufanda#sciarpe#paÃ±uelo#cuello#bufanda#sciarpe#foulard#paÃ±uelo#vintage#retro#bohemio#jersey#sueter#cuello#overside#cuello#boton#accesorip#punto#nudo##falda#larga#topos#midi#chaqueta#sudadera#cremallera#deporte#gimnagsio#senderismo#caminar#correr#polo##camiseta#polo#sudadera#top#crop#camiseta#gato#top#camiseta#top#crop#blusa#top#blusa#camiseta#blonda #camisa#chaqueta#algodon#blazer#chaleco#boda#ceremonia#top#crop#style#look#fashion#blusa#camisa#larga#gatos##Camiseta#polo#manga#corta#suave#vintage#retro#cuello#pico#chaleco#vestir#entre#tiempo#patalon#vaquero#elastico#liso#algodon#goma#regulable#sueter#camiseta#pico#punto#hilo#polo#100%#algodon#falda#mini#vaquera#verano#primavera#frio#invierno#otoÃ±o#90's#corseteria#corpiÃ±o#crop#top#abrigo#zapatos#vestido#falda#patalon#cazadora#otoÃ±o#invierno#leggins#mirami#perfil#tengomuchas#cositasbuen#estado#Decathlon#senderismo#entre#tiempo#calentita#color#negro#con#capucha#polar#por#dentro#forr#polar#montaÃ±a#nieve#polar#frio#cazadora#otoÃ±o#invierno#zapatos#bambas#botas#zapatillas#corseteria#corpiÃ±o#crop#top#abrigo#zapatos#vestido#falda#patalon#cazadora#otoÃ±o#invierno#frio#invierno#otoÃ±o#90's#mira mi perfil tengo muchas#cositas#invierno#otoÃ±o#pata#gayo#
#ajustada#elastica#",https://www.vinted.fr/items/5539891962-gorropuntoliso
BonÃ© ğŸ§¢ Carhartt,Carhartt,15.0,Good,16,4.7,37,"Usado mais bom estado unisex 
100% algodÃ£o",https://www.vinted.fr/items/5537679794-bone-carhartt
Gorra carhart,Carhartt,5.0,Good,26,4.5,10,Gorra carhart en buen estado.,https://www.vinted.fr/items/5537380195-gorra-carhart
Casquette Carhartt,Carhartt,15.0,Good,11,4.7,32,"Casquette noire Carhartt en bon Ã©tat 
Taille unique",https://www.vinted.fr/items/5534789334-casquette-carhartt
Casquette Carhartt,Carhartt,7.0,Good,40,4.5,80,ModÃ¨le AH0289 100% cotton,https://www.vinted.fr/items/5532302106-casquette-carhartt
Casquette Carhartt bleu marine,Carhartt,20.0,Good,19,4.6,17,PortÃ©e quelques fois mais bon Ã©tat,https://www.vinted.fr/items/5529732723-casquette-carhartt-bleu-marine
MÃ¼tze von Carhartt,Carhartt,7.0,Good,21,5,143,#carhartt #carharrtmÃ¼tze #wintermÃ¼tze #carharttwintermÃ¼tze,https://www.vinted.fr/items/5529097617-mutze-von-carhartt
Gorra carhartt estilo camionero,Carhartt,11.0,Good,4,4.5,27,Gorra carhartt estilo camionero en buen estado,https://www.vinted.fr/items/5489234511-gorra-carhartt-estilo-camionero
Casquette Carhartt noir velours c?,Carhartt,34.95,Good,47,5,81,"ğŸ§¢Casquette Carhartt ğŸ§¢
Velours cÃ´telÃ© 

Un peu dÃ©lavÃ© jolie couleur belle patine


ğŸ§¢ Taille unique, unisexe, rÃ©glable ğŸ§¢
ğŸ“¦  Prix ferme ğŸ“¦

ğŸ§¢ğŸ›ï¸ğŸ§¢ğŸ“¦ğŸ¤ ğŸ‘’ğŸ§¢ğŸ›ï¸ğŸ§¢ğŸ“¦ğŸ¤ ğŸ‘’

ğŸ“¦   Envoie en Mondial Relay et directement dans votre boÃ®te aux lettres avec Colissimo, pas de livraison UPS
ğŸ“¦  Envoie rapide et soignÃ© sous 48h
ğŸ“¦   Prix fixe, pas de remise

Pauline ğ“¯ğ“‚ƒğ“§â™¡",https://www.vinted.fr/items/5487500751-casquette-carhartt-noir-velours-c
Carhartt MÃ¼tze,Carhartt,7.0,Good,13,5,10,"Wenig getragen 

EinheitsgrÃ¶ÃŸe",https://www.vinted.fr/items/5479933184-carhartt-mutze
Casquette carhartt,Carhartt,20.0,Good,3,4.2,14,Casquette carhartt,https://www.vinted.fr/items/5479901411-casquette-carhartt
ChapÃ©u carhartt,Carhartt,12.0,Good,23,4.4,10,Usado muitas poucas vezes,https://www.vinted.fr/items/5476166431-chapeu-carhartt
Carhartt Cap,Carhartt,15.0,Good,11,5,27,"Some signs of wear but still in great condition.

The lettering on the front is pealing away as you can see on the photo.

One size.

*NO REFUNDS AND NO RETURNSâ€¦ MAKE SURE YOU READ THE DESCRIPTION AND CHECK THE PHOTOS*",https://www.vinted.fr/items/5471915997-carhartt-cap
Backley cap Carhartt,Carhartt,25.0,Good,31,4.6,46,Casquette Carhartt couleur crÃ¨me,https://www.vinted.fr/items/5470430869-backley-cap-carhartt
Cappello,Carhartt,10.0,Good,18,4.5,40,"Cappello usato diverse volte, ma nel complesso in buone condizioni",https://www.vinted.fr/items/5465045022-cappello
Grey Carhartt Cap,Carhartt,8.0,Good,6,5,4,"Great condition 
Price not negotiable",https://www.vinted.fr/items/5456742655-grey-carhartt-cap
Carhartt casquette dÃ©lavÃ©e grise/bleu,Carhartt,35.0,Good,10,4.6,165,"Casquette carhartt usa Â«Â sun fadedÂ Â» ( kanye west ) 

Conditions 8/10 usÃ©e 

#distressedhat #distressed #workwear #workhat #carharttusa #skate #skateboard #y2k #2000s #2000 #indie #cottage #cottagecore #worker",https://www.vinted.fr/items/5444815676-carhartt-casquette-delavee-grisebleu
Casquettes Carhartt,Carhartt,10.0,Good,14,5,7,Casquettes portÃ© plusieurs fois mais encore en bon Ã©tat. Bande anti transpiration.,https://www.vinted.fr/items/5427302229-casquettes-carhartt
Carhartt Paccbet Cap,Carhartt,25.0,Good,5,5,8,Siehe Fotos,https://www.vinted.fr/items/5390082412-carhartt-paccbet-cap
Carhartt Kappe,Carhartt,10.0,Good,4,4.4,21,"Hey,
Verkaufe meine Carhartt Kappe. Hab sie neu gekauft und echt selten getragen.

Condition 8/10

Bei weiteren fragen schreibt mir einfach ğŸ™‹â€â™‚ï¸",https://www.vinted.fr/items/5376659980-carhartt-kappe
Cappello Carhartt grigio,Carhartt,8.0,Good,4,4.7,154,"Cappello carhartt grigio
Ha bisogno della leva pelucchi",https://www.vinted.fr/items/5359471918-cappello-carhartt-grigio
Carhartt pet babyblauw,Carhartt,15.0,Good,17,4.1,21,"Veel gedragen. Door de was een beetje kreukelig, maar dat is te fixen.",https://www.vinted.fr/items/5351824366-carhartt-pet-babyblauw
Casquette Carhartt,Carhartt,23.0,Good,3,4.8,36,"Casquette Carhartt Noir, starter black label",https://www.vinted.fr/items/5344406202-casquette-carhartt
autumn/winter cap,Carhartt,10.0,Good,16,4.3,23,- its big for me,https://www.vinted.fr/items/5324995629-autumnwinter-cap
Gorra Carhartt,Carhartt,15.0,Good,8,5,1,Usada unos meses,https://www.vinted.fr/items/5302372651-gorra-carhartt
Casquette Carhartt,Carhartt,15.0,Good,3,4.4,74,Taille assez grand,https://www.vinted.fr/items/5298562839-casquette-carhartt
Carhartt pet,Carhartt,15.0,Good,7,5,7,Carhartt pet,https://www.vinted.fr/items/5294535529-carhartt-pet
Casquette Vintage carhartt,Carhartt,17.0,Good,4,5,14,Couleur Bleu foncÃ©,https://www.vinted.fr/items/5289579951-casquette-vintage-carhartt
Casquette,Carhartt,27.5,Good,14,No rating,No evaluations,Casquette carhartt,https://www.vinted.fr/items/5288701643-casquette
Carhartt cap,Carhartt,8.0,Good,16,4.4,56,"Vintage- gedragen look
Beetje verkleuring te zien op foto",https://www.vinted.fr/items/5288586740-carhartt-cap
Carhartt Cap Rot Gr M Flexfit,Carhartt,7.5,Good,4,5,89,ğŸ§¢ Coole Cap Gr M Flexfit,https://www.vinted.fr/items/5279728219-carhartt-cap-rot-gr-m-flexfit
Gorra Carhartt,Carhartt,15.0,Good,14,5,78,"Muy buen estado, casi sin uso",https://www.vinted.fr/items/5274511273-gorra-carhartt
Casquette Carhartt,Carhartt,8.0,Good,22,3.8,53,PortÃ©e,https://www.vinted.fr/items/5269179492-casquette-carhartt
Casquette Carhartt,Carhartt,7.9,Good,4,5,391,"Casquette Carhartt - Rouge - Flexfit

Achetez en lot dans mon dressing : 
-10% pour 2 articles
-15% pour 3 articles 
-20% pour 5 articles et plus",https://www.vinted.fr/items/5263540004-casquette-carhartt
Carhartt Army Cap Soldier Military Base Camo,Carhartt,29.0,Good,3,4.6,5,Bei weiteren Fragen einfach schreiben,https://www.vinted.fr/items/5251684716-carhartt-army-cap-soldier-military-base-camo
Snapback Carhartt,Carhartt,15.0,Good,21,5,33,"In buone condizioni, taglia unica",https://www.vinted.fr/items/5247076725-snapback-carhartt
Berretto Carhartt,Carhartt,20.0,Good,5,5,29,Berretto Carhartt vintage,https://www.vinted.fr/items/5241275186-berretto-carhartt
Carhartt pet lila,Carhartt,25.0,Good,18,5,75,Goede staat,https://www.vinted.fr/items/5226964982-carhartt-pet-lila
Casquette Carhartt,Carhartt,20.0,Good,70,No rating,No evaluations,"Bonjour, je vends ma casquette Carhartt en bonne Ã©tat.",https://www.vinted.fr/items/5224168580-casquette-carhartt
Carhartt Cap,Carhartt,12.0,Good,55,5,12,Carhartt SnapBack Cap,https://www.vinted.fr/items/5208505949-carhartt-cap
Carhartt cap,Carhartt,10.0,Good,11,5,84,Verkaufe hier eine Cap von Carhartt. Hat oben Flecken drauf (siehe Bild) hab mir aber auch nie MÃ¼he gegeben sie weg zu bekommen.,https://www.vinted.fr/items/5201482298-carhartt-cap
Bandeau casquette,Carhartt,4.0,Good,14,4.9,135,Logo qui part un peu mais bon Ã©tat tout de mÃªme,https://www.vinted.fr/items/5199825832-bandeau-casquette
Casquette Carhartt Homme,Carhartt,20.0,Good,9,4.9,72,"Casquette Carhartt Homme 
100% coton 
Bon Ã©tat, la couleur bleu marine est passÃ©e",https://www.vinted.fr/items/5153861848-casquette-carhartt-homme
Carhatt Cap,Carhartt,15.0,Good,3,4.8,26,One size,https://www.vinted.fr/items/5151987981-carhatt-cap
Casquette Carhartt,Carhartt,7.0,Good,3,5,28,PortÃ© quelques fois,https://www.vinted.fr/items/5141174448-casquette-carhartt
Casquette carhartt,Carhartt,30.0,Good,28,5,51,Casquette carhartt,https://www.vinted.fr/items/5137704566-casquette-carhartt
Casquette rose Carhartt,Carhartt,8.0,Good,12,4.8,138,Casquette rose de la marque Carhartt. TrÃ¨s confortable. Quelques petites taches.,https://www.vinted.fr/items/5125457046-casquette-rose-carhartt
BonÃ© carhartt,Carhartt,25.0,Good,24,4.8,28,"Com algum uso mas em bom estado 
AjustÃ¡vel",https://www.vinted.fr/items/5122467682-bone-carhartt
Carhartt x PAM hat,Carhartt,15.0,Good,25,5,21,Carhartt x PAM hat in a striking and vibrant black colour.,https://www.vinted.fr/items/5090136432-carhartt-x-pam-hat
Carhartt Cap,Carhartt,15.0,Good,6,5,6,Kaum getragen,https://www.vinted.fr/items/5088434973-carhartt-cap
Casquette carhartt,Carhartt,30.0,Good,6,4.9,62,"Casquette carhartt ajustable 
Jaune moutarde - beige - marron 

Bon Ã©tat
Envoi rapide soignÃ©",https://www.vinted.fr/items/5074039601-casquette-carhartt
Gorra Carhartt,Carhartt,5.0,Good,12,5,6,Poco uso.,https://www.vinted.fr/items/5065211122-gorra-carhartt
gorra carhartt,Carhartt,8.0,Good,26,5,68,"buen estado, logo un poco mal",https://www.vinted.fr/items/5036471279-gorra-carhartt
Carhartt Cap KÃ¤ppi,Carhartt,10.0,Good,4,5,42,"Cap von Carhartt im coolen Junglelook. 

Getragene, aber gut erhalten. 

Am Ã¤uÃŸersten Rand am Schirm ist ein Miniloch. FÃ¤llt aber null auf, habe ich gerade selbst erst beim Einstellen des Artikels gemerkt.",https://www.vinted.fr/items/5036179106-carhartt-cap-kappi
Berretto Carhartt,Carhartt,6.99,Good,16,4.5,181,"Berretto Carhartt in buona condizioni, ha bisogno di una bella pulita. Spedizione in 24H",https://www.vinted.fr/items/5033058254-berretto-carhartt
Casquette carhartt,Carhartt,16.0,Good,9,4.9,14,Porter quelque fois en bon etat.,https://www.vinted.fr/items/4957236655-casquette-carhartt
Casquette Logo Cap Carhartt marron Taille Unique,Carhartt,14.9,Good,7,4.9,411,"Casquette Logo Cap Carhartt marron 
ğŸ -10% pour les abonnÃ©s

ğŸ“ Taille de lâ€™article : Taille unique 
ğŸ¨ Couleur de lâ€™article : marron
â¡ï¸ Ã‰tat de lâ€™article : bon Ã©tat sauf tache sur le devant 

ğŸšš Lâ€™envoi se fait en maximum 24h une fois le produit achetÃ©

ğŸ¤ Frais de port ajustÃ© au plus bas 

ğŸ‘¨â€ğŸ’¼ Pour effectuer un lot, faites moi la demande avec les produits demandÃ©s 

#camisa #camiseta #maglia #futbol #football #foot #vintage #collector",https://www.vinted.fr/items/4940591124-casquette-logo-cap-carhartt-marron-taille-unique
Casquette carhartt,Carhartt,15.0,Good,22,4.7,241,Bon Ã©tat malgrÃ© un peu dâ€™usure,https://www.vinted.fr/items/4936661511-casquette-carhartt
Casquette,Carhartt,15.0,Good,6,5,1,"Je l'ai souvent portÃ© mais il n'y a ni trous ni tÃ¢che, il y a quand mÃªme qlq plis",https://www.vinted.fr/items/4914102777-casquette
Casquette carhartt,Carhartt,20.0,Good,4,4.9,57,"Casquette carhartt trÃ¨s bon Ã©tat hormis un petit trou sur le derriÃ¨re de la casquette voir photo 
âœ…envoie rapide et soignÃ© 
Nâ€™hÃ©sitez pas si vous avez des questions





â€”â€”â€”â€”â€”â€”â€”â€”â€”â€”â€”â€”â€”â€”â€”â€”â€”â€”â€”â€”â€”â€”


vintage baggy jeans pantalon pant cargo chino velour large oversize outfit streetwear style classe workwear workpant y 2kstyle y2k ensemble jogging tech fleece Nike dunk
carhartt
drip drill uk sweat zippÃ© full zip hoodie half zip doudoune veste sport short longsleeve single
knee
detroit jacket double knee varsity jacket carpenter
pant chaqueta felpa ceinture newel pant aviaton pant klondike pant skate skateur UK uk USA camouflage university blue military casquette bonnet sacoche bag montre dumbo accessoires chaussettes chaussures dÃ©cathlon sport 90s
80s
vintage crew neck
crewneck club frip friperie power boost simple travail Ã©tÃ© fin lÃ©ger authentique chantier legit bot 550 wolf grey fire red
oversized
blue racer yellow bull fashion underground hot slim miller Ã©vasÃ© regular droite ourlets nylon coton
PPSC, corteiz, corvidae supram Vicinity
y2k drip peso vintage bapesta j1 j3 j4 j5 bape kantostarter minus two dramacall verborgen please paulo stop cappin divinbydivin nocta
shox ride trapstar evisu Edhardy bape vlone",https://www.vinted.fr/items/4902174369-casquette-carhartt
Capello da tennis rosso della carhartt,Carhartt,6.0,Good,8,4.8,4,Capello da tennis rosso della carhatt,https://www.vinted.fr/items/4863795190-capello-da-tennis-rosso-della-carhartt
Carhartt Cap,Carhartt,15.0,Good,4,5,111,Bis auf den kleinen Riss im Verschluss alles bestens.,https://www.vinted.fr/items/4859447220-carhartt-cap
Casquette marron carhartt,Carhartt,8.0,Good,11,4.9,912,En bon etat,https://www.vinted.fr/items/4829142143-casquette-marron-carhartt
Carhartt Cap,Carhartt,27.99,Good,73,5,10,"-lange und gerne getragen 

-unisex 

- FÃ¼r alles geeignet

-Zustand 8/10",https://www.vinted.fr/items/4826181070-carhartt-cap
Casquette New era Cahartt taille 7 1/8,Carhartt,20.0,Good,4,4.9,244,"Bon Ã©tat
Casquette New era Cahartt taille 7 1/8",https://www.vinted.fr/items/4800706300-casquette-new-era-cahartt-taille-7-18
Casquette vintage carhartt,Carhartt,20.0,Good,5,4.9,57,"Flexfit
Casquette rouge 
Taille S M",https://www.vinted.fr/items/4751163621-casquette-vintage-carhartt
Casquette carhartt,Carhartt,30.0,Good,5,4.7,7,Casquette coton noire,https://www.vinted.fr/items/4734592752-casquette-carhartt
Berretti,Carhartt,45.0,Good,5,5,4,"1 carahartt beanie
1 kangoll beanie
1 no logo velvet beanie
1 saint james felt beanie 
1 baseball basic flexfit heat beige
1 baseball basic flexfit heat black

Venduti solo tutti insieme",https://www.vinted.fr/items/4720086568-berretti
Casquette Carhartt,Carhartt,15.0,Good,14,4.4,74,"Bon Ã©tat, un peu jaunie Ã  lâ€™intÃ©rieur",https://www.vinted.fr/items/4700911135-casquette-carhartt
Vintage Carhartt Cap,Carhartt,10.0,Good,9,4.7,6,"Vintage
Jedoch sehr guter Zustand keine LÃ¶cher oder sonstiges 
GrÃ¶ÃŸe L







y2k
#y2kstyle
#y2kfashion #y 2kvintage #vintage
#vintagestyle
#vintagelook #outfit #outfitoftheday. #archive #archivefashion #archivestyle",https://www.vinted.fr/items/4666861879-vintage-carhartt-cap
Casquette carhartts,Carhartt,15.0,Good,3,5,285,PortÃ©e pas d usure ni dÃ©chirure En bon Ã©tat Effet tissus et maille ( voir photos ),https://www.vinted.fr/items/4635661203-casquette-carhartts
Casquette Carhartt,Carhartt,17.99,Good,3,4.6,123,"Casquette Carhartt noir.

Ã‰tat: 8/10

Taille: unique et rÃ©glable Ã  lâ€™arriÃ¨re.

Envoi soignÃ© en moins de 24h.

#cap #casquette #carhartt",https://www.vinted.fr/items/4604561623-casquette-carhartt
Casquette carhartt,Carhartt,15.0,Good,7,4.9,279,PortÃ©e mais mÃ©ritÃ© une seconde vie :),https://www.vinted.fr/items/4567589950-casquette-carhartt
Carhartt cap cord,Carhartt,40.0,Good,109,4,12,"Guter Zustand

Wildleder ist gepflegt und hat keine auffÃ¤lligen
Macken.

âœ…PayPal, Vinted System und BankÃ¼berweisung mÃ¶glich
âœ…Tierfreier- und Nichtraucherhaushalt
Versandkosten: 5.5â‚¬ versichert mit
Sendungsnummer
âœ…Bei Abnahme von mehreren Sachen komme ich dir preislich gerne entgegen.
Wenn du Fragen hast, kannst du dich einfach bei mir melden.
âš ï¸Bei Bestellungen vor 17 Uhr wird am selben Tag noch versendet, vorausgesetzt Paypal ist vorhanden tr
â€¼ï¸Ich Ã¼bernehme keinerlei Haftung fÃ¼r verloren gegangene Pakete. Die Sachen werden unter Ausschluss sÃ¤mtlicher GewÃ¤hrleistungsrechte verkauft â€¼ï¸
â—ï¸Weitere Infos in der Profilbeschreibung",https://www.vinted.fr/items/4495476338-carhartt-cap-cord
Casquette Carhartt,Carhartt,37.99,Good,84,4.9,399,"Carhartt 
Velours cÃ´telÃ© velour 


Casquette  casquettes Cap
Taille rÃ©glable mixte


Prix fixe
Envoie rapide en moins de 24h
Envoie uniquement par Mondial Relay
Beaucoup d'autres casquettes dans ma boutique",https://www.vinted.fr/items/4473969082-casquette-carhartt
Carhatt Berretto,Carhartt,6.0,Good,6,4.8,377,Carhatt Berretto,https://www.vinted.fr/items/4442828394-carhatt-berretto
Gorra Carhartt Granate,Carhartt,16.99,Good,11,4.9,66,"ğŸ‘• Gorra Carhartt Granate
ğŸ”¥ Marca: Carhartt
âœ… Calidad: 10/10
ğŸ·ï¸ Talla: 7 1/4- 7 5/8
ğŸ§µ Desperfectos: Usada
ğŸš€ EnvÃ­os: rÃ¡pidos (12-24 Horas lo enviamos)
ğŸ’¬ AtenciÃ³n: respondemos rÃ¡pido - Clientes serios",https://www.vinted.fr/items/4417886309-gorra-carhartt-granate
Carhartt visiera verde One Size cappello FlexFit,Carhartt,22.0,Good,13,5,43,"Vendo come usata, anche se in veritÃ  non ricordo di averla mai usata.",https://www.vinted.fr/items/4406000367-carhartt-visiera-verde-one-size-cappello-flexfit
Carhartt MÃ¼tze,Carhartt,8.0,Good,10,5,86,"Selten getragen, hab die MÃ¼tze aber schon einfach lange, deswegen sieht sie einfach nicht mehr wie neu aus. Der Bund kann angepasst werden wie man es mÃ¶chte.",https://www.vinted.fr/items/4357574696-carhartt-mutze
Casquette Carhartt noire,Carhartt,8.0,Good,14,4.9,348,"La casquette Logo Cap est rÃ©glable Ã  l'arriÃ¨re et comporte six panneaux. Elle est en toile de coton de poids moyen. Elle comporte une Ã©tiquette Carhartt WIP imitation cuir Ã  l'avant. Taille unique.

100 % toile de coton
tour de tÃªte : 54 - 60 cm / 21,3 - 23,6 pouces
structurÃ© - panneaux avant renforcÃ©s
non doublÃ©
six panneaux
robuste, sommet plat
Å“illets d'aÃ©ration brodÃ©s
Ã©tiquette carrÃ©e imitation cuir",https://www.vinted.fr/items/4177542037-casquette-carhartt-noire
Berretto Carhartt ,Carhartt,10.0,Good,10,4.9,95,Berretto Carhartt nero fumo in buone condizioni,https://www.vinted.fr/items/4151527125-berretto-carhartt
Carhartt Cap,Carhartt,15.0,Good,3,4.9,61,Carhartt Cap,https://www.vinted.fr/items/4102503344-carhartt-cap
Berretto Carhartt,Carhartt,15.0,Good,3,5,126,Berretto Carhartt originale,https://www.vinted.fr/items/4096219660-berretto-carhartt
Cuffia Carhartt,Carhartt,10.0,Good,6,4.9,70,"Cuffia in ottime condizioni come da foto, alcuni segni di usura sono visibili. Per qualsiasi foto o informazione potete contattarmi, prezzo non trattabile.",https://www.vinted.fr/items/4091868534-cuffia-carhartt
gorra,Carhartt,25.0,Good,7,4.9,386,"fashion,panatela,carhartt,all size ( ver fotos cuidadosamente !!!",https://www.vinted.fr/items/3996637422-gorra
Carhartt beanie MÃ¼tze,Carhartt,6.0,Good,8,4.9,360,Carhartt beanie MÃ¼tze braun,https://www.vinted.fr/items/3961269656-carhartt-beanie-mutze
Berretto Carhartt,Carhartt,5.0,Good,6,5,22,"Berretto Carhartt, vendo per inutilizzo.
Condizioni buone",https://www.vinted.fr/items/3946200996-berretto-carhartt
Gorra Carhartt,Carhartt,35.95,Good,18,4.9,764,Gorra Carhartt negra,https://www.vinted.fr/items/3853500436-gorra-carhartt
Berretto beanie laurel carhartt camouflage,Carhartt,10.0,Good,19,4.9,615,"modello beanie laurel
taglia unica
difetti: pallini e fili soprattuto nel lato posteriore e lateralmente",https://www.vinted.fr/items/3845915866-berretto-beanie-laurel-carhartt-camouflage
Carhartt MÃ¼tze Beanie grau,Carhartt,9.0,Good,9,5,41,Bis auf ein paar Fussel vom Waschen keine Gebrauchsspuren!,https://www.vinted.fr/items/3835836608-carhartt-mutze-beanie-grau
Berretto carhartt,Carhartt,13.0,Good,18,3.7,21,Un poâ€™ rovinato,https://www.vinted.fr/items/3814624823-berretto-carhartt
Casquette Carhartt,Carhartt,35.0,Good,6,4.7,141,"Neuve jamais portÃ© 
Couleur rouge",https://www.vinted.fr/items/3770968127-casquette-carhartt
Carharrt Cap,Carhartt,8.0,Good,16,3.7,3,"Wurde am Meer getragen, deshalb ist die Cap an manchen Stellen etwas ausgeblichen",https://www.vinted.fr/items/3735013302-carharrt-cap
Casquette carhartt,Carhartt,12.0,Good,6,5,4,"La casquette en elle mÃªme est en bonne Ã©tat il y a juste de la saletÃ© Ã  enlever qui nâ€™est pas parti Ã  la machine Ã  laver . Câ€™est bien une vrai qui provient de la vrai marque Carhartt
Prix lÃ©gÃ¨rement nÃ©gociable",https://www.vinted.fr/items/3678196117-casquette-carhartt
