Title,Brand,Price,ItemStatus,NbFavourite,UserRating,NbEvalUser,Description,URL,Type,prix_median_groupe,favoris_median_groupe,z_score_prix,bonne_affaire
The North face Pullover schwarz ,The North Face,14.0,4.0,11,4.8,36.0,"Gut erhaltener schwarzer The north face pullover, Gr√∂sse S, keine M√§ngel",https://www.vinted.fr/items/2484309352-the-north-face-pullover-schwarz,sweats,17.0,4.0,-0.5050400877647909,1
Cappello invernale berretto invernale Carhartt,Carhartt,20.0,3.0,0,4.9,336.0,,https://www.vinted.fr/items/6009183698-cappello-invernale-berretto-invernale-carhartt,casquettes,15.0,5.0,1.0493132149290272,0
Sweat,The North Face,10.0,3.0,13,4.8,21.0,Sweat THE NORTH FACE,https://www.vinted.fr/items/5943322586-sweat,sweats,17.0,4.0,-1.0495619568488193,1
Carhartt sweater ,Carhartt,9.0,3.0,12,5.0,2.0,"Wurde sehr selten getragen und befindet sich in einem gutem Zustand.



Bei weiteren Fragen bitte melden :)",https://www.vinted.fr/items/2938279860-carhartt-sweater,sweats,25.0,6.0,-1.6614682969659418,0
Casquette carhartt noir brod√© blanche.,Carhartt,24.0,3.0,6,,,,https://www.vinted.fr/items/6014294679-casquette-carhartt-noir-brode-blanche,casquettes,15.0,5.0,1.854784328220111,0
Zwarte trui van The North Face,The North Face,16.0,4.0,11,5.0,1.0,Gedragen,https://www.vinted.fr/items/5960331867-zwarte-trui-van-the-north-face,sweats,17.0,4.0,-0.23277915322277673,0
Carhartt ¬ªDetroid¬´ Cap ,Carhartt,10.0,3.0,7,5.0,98.0,,https://www.vinted.fr/items/708353618-carhartt-detroid-cap,casquettes,15.0,5.0,-0.9643645682986828,1
Rosafarbene M√ºtze ungetragen,Carhartt,15.0,2.0,10,5.0,62.0,,https://www.vinted.fr/items/5798730456-rosafarbene-mutze-ungetragen,casquettes,15.0,5.0,0.04247432331517214,0
Carhartt Winter Parka Jacke Gr√∂√üe S schwarz,Carhartt,30.0,3.0,0,4.9,18.0,"Wenig getragener Anorak mit Kapuze von Carhartt. Rei√üverschluss und Druckkn√∂pfe zum
Verschlie√üen. B√§nder in der Taille zum
Engermachen. Gef√ºttert. Innenfutter Teddyfutter. Auch in der Kapuze. Au√üen 4 Taschen. Eine Innentasche 
√Ñrmel k√∂nnen enger gekn√∂pft werden. Lieblingsjacke! Leider zu klein.",https://www.vinted.fr/items/6025586110-carhartt-winter-parka-jacke-grosse-s-schwarz,manteaux,51.0,7.0,-0.9339396392593768,0
The North Face Pullover ,The North Face,15.0,4.0,13,5.0,1.0,Original siehe Bilder,https://www.vinted.fr/items/2768579179-the-north-face-pullover,sweats,17.0,4.0,-0.36890962049378384,0
Carhartt Mentor Jacket,Carhartt,30.0,3.0,11,5.0,54.0,"Top Zustand. Teddyfell Futter/ sherpa lined. Also sch√∂n warm.
Mit Kapuze",https://www.vinted.fr/items/5725392613-carhartt-mentor-jacket,manteaux,51.0,7.0,-0.9339396392593768,1
Grauer Sweater - Carhartt,Carhartt,19.0,3.0,8,4.6,21.0,Oft getragen,https://www.vinted.fr/items/1683256585-grauer-sweater-carhartt,sweats,25.0,6.0,-0.5767269980041129,1
Sweat the north face,The North Face,5.0,,1,4.5,8.0,Sweat port√© pas mal de fois avec un petit d√©faut mais propre,https://www.vinted.fr/items/6041521814-sweat-the-north-face,sweats,17.0,4.0,-1.7302142932038547,0
The North Face M√§nner Pulli ,The North Face,18.0,4.0,2,4.8,20.0,North Face Vintage M√§nner Pulli mit Fisch Muster,https://www.vinted.fr/items/3604618380-the-north-face-manner-pulli,sweats,17.0,4.0,0.039481781319237415,0
Carhartt WIP Tropper Parka,Carhartt,120.0,3.0,6,,,"Kaum getragen und in top Zustand, keine M√§ngel vorhanden",https://www.vinted.fr/items/1362781961-carhartt-wip-tropper-parka,manteaux,51.0,7.0,1.5149984022494882,0
The North Face Pullover,The North Face,14.0,3.0,1,5.0,312.0,Kaum getragen. Sehr guter Zustand. F√§llt normal aus,https://www.vinted.fr/items/5619326477-the-north-face-pullover,sweats,17.0,4.0,-0.5050400877647909,0
Veste polaire marron The North Face - Taille XL Homme,The North Face,17.9,3.0,4,4.6,70.0,"üîπ Veste polaire marron The North Face - Taille XL Homme üîπ

Je vends cette superbe veste polaire The North Face en taille XL pour homme.
‚úîÔ∏è Couleur : Marron
‚úîÔ∏è Mati√®re : Polaire douce et chaude
‚úîÔ∏è Fermeture : Zip 1/4 au niveau du col
‚úîÔ∏è √âtat : Tr√®s bon √©tat

Parfaite pour les activit√©s en ext√©rieur, la randonn√©e ou un look casual et confortable au quotidien. üî•

üì¶ Envoi rapide üìç Remise en main propre possible

N‚Äôh√©sitez pas √† me contacter pour plus d‚Äôinfos ! üòä

#TheNorthFace #VestePolaire #Outdoor #Randonn√©e #ModeHomme #Streetwear #XL #Hiver #Sport #Casual #tnf700",https://www.vinted.fr/items/6012813853-veste-polaire-marron-the-north-face-taille-xl-homme,sweats,17.0,4.0,0.025868734592136514,0
Carhartt Pulli S,Carhartt,10.0,3.0,7,4.9,74.0,"Guter Zustand, selten getragen, Druck unbesch√§digt",https://www.vinted.fr/items/6004603775-carhartt-pulli-s,sweats,25.0,6.0,-1.552994167069759,1
Sweat √† enfiler The North Face Gris Flocage Bleu Taille M homme,The North Face,20.0,3.0,0,5.0,97.0,"üß• Marque : The North Face

üìù Mod√®le : Sweat √† enfiler

üé® Couleur : Gris avec flocage bleu

üìè Taille : M (Homme)

‚ú® √âtat : Tr√®s bon √©tat

üì¶ Description : Sweat √† enfiler The North Face gris avec un flocage bleu sur le torse. Style classique et intemporel, id√©al pour un look d√©contract√© ou sportif.

#TheNorthFace #SweatTheNorthFace #ModeHomme #SweatGris #FlocageBleu #StyleD√©contract√© #ModeOutdoor #CasualLook #TheNorthFaceOriginal #V√™tementHommeTendance",https://www.vinted.fr/items/6017333808-sweat-a-enfiler-the-north-face-gris-flocage-bleu-taille-m-homme,sweats,17.0,4.0,0.3117427158612516,0
Zwarte trui van the north face.,The North Face,9.5,3.0,13,4.9,17.0,"Deze trui is amper gedragen en dus nog in hele goede staat, de trui is in maat m.",https://www.vinted.fr/items/5999102982-zwarte-trui-van-the-north-face,sweats,17.0,4.0,-1.1176271904843227,0
Carhartt Winterjacke (L),Carhartt,71.0,3.0,0,4.9,110.0,,https://www.vinted.fr/items/5999624129-carhartt-winterjacke-l,manteaux,51.0,7.0,0.18168769076132835,0
Pullover,Carhartt,15.0,4.0,1,5.0,8.0,"gelber Carhartt Pullover 
Gr√∂√üe M",https://www.vinted.fr/items/5898080201-pullover,sweats,25.0,6.0,-1.0106235175888445,0
Northface trui maat S,The North Face,7.99,4.0,6,4.8,104.0,Northface trui,https://www.vinted.fr/items/6036354803-northface-trui-maat-s,sweats,17.0,4.0,-1.3231841960635433,1
Carhartt M√ºtze ,Carhartt,10.0,3.0,0,4.7,58.0,,https://www.vinted.fr/items/4106646745-carhartt-mutze,casquettes,15.0,5.0,-0.9643645682986828,0
Patta Carhartt Pullover M,Carhartt,15.0,4.0,7,5.0,733.0,Siehe letztes Bild: Fleck vorhanden,https://www.vinted.fr/items/5553701806-patta-carhartt-pullover-m,sweats,25.0,6.0,-1.0106235175888445,1
Sweat,The North Face,10.0,3.0,13,4.8,21.0,Sweat THE NORTH FACE,https://www.vinted.fr/items/5943322586-sweat,sweats,17.0,4.0,-1.0495619568488193,1
Taille M,The North Face,18.0,3.0,1,4.8,1201.0,Taille M,https://www.vinted.fr/items/6029273886-taille-m,sweats,17.0,4.0,0.039481781319237415,0
pull the north face,The North Face,9.0,3.0,10,3.3,15.0,tr√®s bon √©tat avec une l√©g√®re d√©coloration au niveau de la poche de la manche mais tr√®s l√©ger,https://www.vinted.fr/items/4482673632-pull-the-north-face,sweats,17.0,4.0,-1.1856924241198263,0
Carhartt Cap,Carhartt,20.0,3.0,3,4.7,30.0,,https://www.vinted.fr/items/6029518945-carhartt-cap,casquettes,15.0,5.0,1.0493132149290272,0
Carhartt Winterjacke M,Carhartt,25.0,4.0,12,4.9,29.0,Ich verkaufe eine Winterjacke der Firma Carhartt in der Gr√∂√üe M.,https://www.vinted.fr/items/5754551136-carhartt-winterjacke-m,manteaux,51.0,7.0,-1.069991752676536,1
schwarzer Sweater von Carhartt,Carhartt,25.0,3.0,10,5.0,1.0,Sehr gut erhaltener schwarzer Sweater von Carhartt in Gr. S,https://www.vinted.fr/items/2732857738-schwarzer-sweater-von-carhartt,sweats,25.0,6.0,0.07411778137298439,0
graue M√ºtze von Carhartt,Carhartt,6.0,3.0,20,5.0,412.0,Die M√ºtze ist in einem sehr guten Zustand.,https://www.vinted.fr/items/5922771574-graue-mutze-von-carhartt,casquettes,15.0,5.0,-1.7698356815897667,1
The North Face Sweater Wei√ü,The North Face,12.0,4.0,10,5.0,13.0,"Weicher Stoff, Neupreis lag bei 80‚Ç¨",https://www.vinted.fr/items/2933223719-the-north-face-sweater-weiss,sweats,17.0,4.0,-0.7773010223068051,0
Carhartt Sweater grau,Carhartt,19.0,3.0,9,4.9,125.0,F√§llt eher aus wie eine M/L,https://www.vinted.fr/items/5979370884-carhartt-sweater-grau,sweats,25.0,6.0,-0.5767269980041129,1
Giacca giubotto carhartt,Carhartt,120.0,1.0,2,4.9,147.0,"CARHARTT WIP
Carhartt WIP Fairmount Jeansjacke
Colore bianco panna
Nuovo mai usato
100% legit
Taglia L
Spedizione veloce e ben protetta",https://www.vinted.fr/items/5968243963-giacca-giubotto-carhartt,manteaux,51.0,7.0,1.5149984022494882,0
Carhartt Beanie M√ºtze,Carhartt,8.0,4.0,1,4.9,52.0,,https://www.vinted.fr/items/5837942767-carhartt-beanie-mutze,casquettes,15.0,5.0,-1.3671001249442247,0
Carhartt Trucker Cap Kappe,Carhartt,7.0,4.0,6,4.9,181.0,,https://www.vinted.fr/items/5847548673-carhartt-trucker-cap-kappe,casquettes,15.0,5.0,-1.5684679032669957,1
"Carhartt Crewneck (Pulli, Sweater)",Carhartt,35.0,3.0,5,5.0,9.0,"Schwarzer Carhartt Crewneck
Gr√∂√üe: L
Sehr guter Zustand 
100% Baumwolle



#carhartt #peso #pesoclo #6pm #6pmseason #nike #systemic",https://www.vinted.fr/items/5338963211-carhartt-crewneck-pulli-sweater,sweats,25.0,6.0,1.158859080334813,0
Carhartt Battle Parka Gr. M neuwertig!,Carhartt,45.0,2.0,12,5.0,308.0,"Verkaufe einen so gut wie neuen ‚ÄûBattle‚Äú Parka von Carhartt Gr√∂√üe M in olivgr√ºn.
Habe den Parka letztes Jahr gekauft und lediglich zwei, dreimal getragen, da er mir zu klein ist. 

Neupreis betrug 149 ‚Ç¨! 

Privatverkauf. Keine R√ºcknahme, keine Garantie.",https://www.vinted.fr/items/5849593631-carhartt-battle-parka-gr-m-neuwertig,manteaux,51.0,7.0,-0.5257832990078993,1
Jacke,Carhartt,30.0,3.0,8,4.9,220.0,Jacke,https://www.vinted.fr/items/5526655820-jacke,manteaux,51.0,7.0,-0.9339396392593768,1
Carhartt Sweater Hanover Township in dunkelblau,Carhartt,40.0,3.0,4,4.9,36.0,"Vintage Carhartt Sweater/Pulli Hanover
Township DPW
- System Bezahlung, Paypal‚úÖ
- Gr√∂√üe M
- oversize
- selten
- guter Zustand
- 100% original‚úÖ
Bei Interesse oder Fragen gerne melden!
Bin 178cm gro√ü und er passt mir gut 
#carharttwip #carharttvintage
#carharttworkwear #lacostesweater #strickpullover
#vintage #pullover #pulli #ralphlauren",https://www.vinted.fr/items/5973504717-carhartt-sweater-hanover-township-in-dunkelblau,sweats,25.0,6.0,1.7012297298157275,0
Carhartt M√ºtze,Carhartt,15.0,2.0,5,5.0,3.0,Nie getragen!,https://www.vinted.fr/items/6024965021-carhartt-mutze,casquettes,15.0,5.0,0.04247432331517214,0
The North Face Pullover,The North Face,25.0,3.0,3,5.0,4.0,"Sch√∂ner, selten getragener Pullover",https://www.vinted.fr/items/5978363150-the-north-face-pullover,sweats,17.0,4.0,0.992395052216287,0
The North Face Sweater,The North Face,30.0,3.0,0,,,"‚ÄºÔ∏èKEIN KAUF √úBER DAS SYSTEM‚ÄºÔ∏è
‚ÄºÔ∏èNUR √úBERWEISUNG/PAYPAL M√ñGLICH‚ÄºÔ∏è
Dunkelgrau/blau
Oversized 
Gr√∂√üe M",https://www.vinted.fr/items/5500570893-the-north-face-sweater,sweats,17.0,4.0,1.6730473885713224,0
T-shirt manche longue TNF,The North Face,10.0,3.0,4,5.0,3.0,"Taille : L
Porter quelques fois",https://www.vinted.fr/items/5998914242-t-shirt-manche-longue-tnf,sweats,17.0,4.0,-1.0495619568488193,0
Sweater Carhartt,Carhartt,15.0,4.0,7,5.0,21.0,"Sweater Carhartt, maat S. Nog in goede staat maar wel een paar zwarte vlekjes op de boord aan de achterkant. Zie laatste foto",https://www.vinted.fr/items/6021569921-sweater-carhartt,sweats,25.0,6.0,-1.0106235175888445,1
Carhartt Cap C Navy,Carhartt,20.0,3.0,8,4.9,133.0,Verkaufe sehr gut erhaltene Carthartt Cap in Navy Blau,https://www.vinted.fr/items/5977679946-carhartt-cap-c-navy,casquettes,15.0,5.0,1.0493132149290272,0
M√ºtze von Carhartt,Carhartt,7.0,4.0,19,5.0,144.0,#carhartt #carharrtm√ºtze #winterm√ºtze #carharttwinterm√ºtze,https://www.vinted.fr/items/5529097617-mutze-von-carhartt,casquettes,15.0,5.0,-1.5684679032669957,1
Bommel M√ºtze,Carhartt,10.0,3.0,0,4.9,54.0,"Schwarze Bommelm√ºtze von Carhartt, kaum getragen",https://www.vinted.fr/items/6025239968-bommel-mutze,casquettes,15.0,5.0,-0.9643645682986828,0
Carhartt Sweater ,Carhartt,40.0,2.0,24,4.2,5.0,"verkaufe ein seltenen getragenen Carhartt Sweater. 

Bei fragen gerne fragen üëç 

bitte mich vor kauf anschreiben und nicht auf direkt kauf, danke f√ºr ihr Verst√§ndnis.",https://www.vinted.fr/items/1391980216-carhartt-sweater,sweats,25.0,6.0,1.7012297298157275,0
Northface Pullover,The North Face,29.0,2.0,15,4.9,82.0,"Einmal getragen, hab ihn leider in der falschen Gr√∂√üe bestellt :( 
Bei Fragen gerne meldenü§ó

#tnf #thenorthface #sweater #t√ºrkis #vintage #vinted #streetwearstyle",https://www.vinted.fr/items/5087090422-northface-pullover,sweats,17.0,4.0,1.5369169213003153,0
North face hoodie ,The North Face,10.0,3.0,6,5.0,24.0,"Guter Zustand
Bei Fragen gerne melden üòä",https://www.vinted.fr/items/3786763147-north-face-hoodie,sweats,17.0,4.0,-1.0495619568488193,1
Pull North face homme,The North Face,12.0,3.0,7,4.9,449.0,"Tr√®s peu port√©.
‚ö†Ô∏è Mais couleur moins vive qu'√† l'achat ‚ö†Ô∏è",https://www.vinted.fr/items/6034298211-pull-north-face-homme,sweats,17.0,4.0,-0.7773010223068051,1
Carhartt Battle Parka Camo M,Carhartt,40.0,3.0,17,5.0,456.0,Size M. Sehr guter Zustand. D√ºnner Parka nicht f√ºr den Winter geeignet,https://www.vinted.fr/items/5599036662-carhartt-battle-parka-camo-m,manteaux,51.0,7.0,-0.6618354124250585,1
The North Face Vintage Fleece Pullover Herren L Schwarz Half Zip,The North Face,25.0,3.0,2,5.0,396.0,"Schulter zu Schulter: (Breite): 48cm
Achsel zu Achsel: (Breite): 54cm
Nacken bis Bund: (L√§nge): 71cm 
(Die Angaben k√∂nnen um 3 cm variieren)
√úberpr√ºfe die Ma√üe an eigener Vergleichskleidung, um einen Fehlkauf zu vermeiden. Sonst frag uns gerne.
Zustandsranking: 10/10

Ich gebe gerne bis zu 50% Mengenrabatt bei kauf von mehreren Artikeln.

Nice zu rocken.
Wenn du nett fragst, k√∂nnen wir gerne Verhandeln. ü•≥
Ich brauche Platz, daher werden wir uns auf eine guten Preis einigen k√∂nnen. 
Bevorzugter Versand √ºber DHL, Hermes oder UPS.

Folge gerne f√ºr mehr nice Pieces. Ich lade hier regelm√§√üig neuen Stuff hoch. ü•∞

Ich reserviere maximal 24 Stunden. Wenn die Zahlung nach Ablauf nicht eingegangen ist, geht der Artikel wieder online. 

Wenn du den R√ºckversand √ºbernimmst, gebe ich dir gerne Geld zur√ºck Garantie. 
 
Bezahlung √ºber Vinted, PayPal oder Bank√ºberweisung m√∂glich. 

Keine Fitpics.

#VintagePullover #Strickpullover #VintageStyle #RetroFashion #SecondHandMode #NachhaltigeMode #VintageLover #PulloverWetter #KuscheligWarm #ModeMitGeschichte #Uniqefinds #90sFashion #80sStyle #CozyVintage #WinterOutfit",https://www.vinted.fr/items/6027657188-the-north-face-vintage-fleece-pullover-herren-l-schwarz-half-zip,sweats,17.0,4.0,0.992395052216287,0
Pullover von the north face,The North Face,15.0,4.0,9,5.0,8.0,"verkauft wird ein grauer Pullover der Fa. the north face.
Er ist in einem sehr guten Zustand",https://www.vinted.fr/items/2383089397-pullover-von-the-north-face,sweats,17.0,4.0,-0.36890962049378384,0
M√ºtze Carhartt,Carhartt,9.0,2.0,6,5.0,65.0,"T√ºrkis farbene M√ºtze von Carhartt in Einheitsgr√∂√üe. Nur ein paar mal getragen worden, quasi wie neu.

Nichtraucherhaushalt üåº",https://www.vinted.fr/items/5953977091-mutze-carhartt,casquettes,15.0,5.0,-1.1657323466214538,1
Carhartt black jumper,Carhartt,30.0,3.0,8,5.0,32.0,Great condition,https://www.vinted.fr/items/6018344235-carhartt-black-jumper,sweats,25.0,6.0,0.6164884308538988,0
Carhartt Jacke,Carhartt,34.0,3.0,11,5.0,131.0,"F√ºr Frauen oder zierliche Erwachsene oder Teenies.
Ich bin 1,69cm gro√ü und wiege 57kg.",https://www.vinted.fr/items/5122828419-carhartt-jacke,manteaux,51.0,7.0,-0.8250979485256495,1
Sweater The North Face,The North Face,10.0,4.0,5,4.9,27.0,"Leuke sweater, prima voor tweede ronde",https://www.vinted.fr/items/5965225482-sweater-the-north-face,sweats,17.0,4.0,-1.0495619568488193,1
Gorra Carhatt Blanca,Carhartt,18.0,1.0,12,4.9,153.0,,https://www.vinted.fr/items/6012403273-gorra-carhatt-blanca,casquettes,15.0,5.0,0.6465776582834851,0
Carhartt M√ºtze Schwarz,Carhartt,4.0,3.0,0,5.0,13.0,Carhartt M√ºtze Schwarz,https://www.vinted.fr/items/6025771398-carhartt-mutze-schwarz,casquettes,15.0,5.0,-2.172571238235309,0
Carhartt Sweater,Carhartt,8.0,4.0,6,4.6,42.0,guter Zustand,https://www.vinted.fr/items/5286524981-carhartt-sweater,sweats,25.0,6.0,-1.7699424268621247,0
Carhartt  Herren Winter Jacke Mantel Ski Jacke Rot L,Carhartt,35.0,4.0,10,5.0,616.0,Getragener aber guter Zustand.,https://www.vinted.fr/items/3844750246-carhartt-herren-winter-jacke-mantel-ski-jacke-rot-l,manteaux,51.0,7.0,-0.7978875258422177,1
Carhartt Jacke,Carhartt,20.0,3.0,19,4.6,73.0,- guter zustand,https://www.vinted.fr/items/698904903-carhartt-jacke,manteaux,51.0,7.0,-1.2060438660936952,1
Winter Parka,Carhartt,40.0,4.0,18,5.0,218.0,"Jacke ist noch in einem guten Zustand, hat keine L√∂cher/Flecken, nur an den √Ñrmeln unten leichte Farbver√§nderung -siehe Foto.",https://www.vinted.fr/items/1544822861-winter-parka,manteaux,51.0,7.0,-0.6618354124250585,1
North face sweater dark blue,The North Face,7.5,4.0,8,3.5,8.0,Size M,https://www.vinted.fr/items/5222306274-north-face-sweater-dark-blue,sweats,17.0,4.0,-1.3898881250263369,0
Carhartt WIP 1/4 Zip Sweatshirt,Carhartt,40.0,3.0,25,,,Mit eingestickten Carhartt Logo,https://www.vinted.fr/items/2306869469-carhartt-wip-14-zip-sweatshirt,sweats,25.0,6.0,1.7012297298157275,0
The North face trui,The North Face,12.0,4.0,9,4.9,37.0,Nog erg mooi is wel gedragen,https://www.vinted.fr/items/5967112006-the-north-face-trui,sweats,17.0,4.0,-0.7773010223068051,1
Carhartt Mountain Coat Anthrazit // Winterjacke ,Carhartt,40.0,3.0,8,4.6,33.0,"Getragen, aber in sehr gutem Zustand.
Verstellbar an der Seite",https://www.vinted.fr/items/1587895939-carhartt-mountain-coat-anthrazit-winterjacke,manteaux,51.0,7.0,-0.6618354124250585,1
Sweat,The North Face,10.0,3.0,13,4.8,21.0,Sweat THE NORTH FACE,https://www.vinted.fr/items/5943322586-sweat,sweats,17.0,4.0,-1.0495619568488193,1
Carhartt WIP 1/4 Zip Sweatshirt,Carhartt,40.0,3.0,25,,,Mit eingestickten Carhartt Logo,https://www.vinted.fr/items/2306869469-carhartt-wip-14-zip-sweatshirt,sweats,25.0,6.0,1.7012297298157275,0
XS The North Face Pullover Damen ,The North Face,30.0,4.0,0,5.0,11.0,Pullover von The North Face in Schwarz,https://www.vinted.fr/items/2959599785-xs-the-north-face-pullover-damen,sweats,17.0,4.0,1.6730473885713224,0
Sweat The North Face,The North Face,15.0,3.0,1,5.0,28.0,"√âtat parfait, tr√®s peu port√©",https://www.vinted.fr/items/6008225669-sweat-the-north-face,sweats,17.0,4.0,-0.36890962049378384,0
Carhartt schwarzer Pullover,Carhartt,15.0,3.0,16,5.0,16.0,-bei Fragen einfach melden :),https://www.vinted.fr/items/5941938674-carhartt-schwarzer-pullover,sweats,25.0,6.0,-1.0106235175888445,0
Carhartt Marvin Coat Gr.M,Carhartt,30.0,3.0,10,5.0,297.0,Ungetragen!!,https://www.vinted.fr/items/5046225707-carhartt-marvin-coat-grm,manteaux,51.0,7.0,-0.9339396392593768,1
Sweat the  north  face homme  Taille  M,The North Face,30.0,3.0,0,4.9,46.0,"Marque: The North  Face
Couleur: Marron
Taille:  M
Mat√©riaux: Coton  doux  et  durable
√âtat:Tr√®s  bon √©tat  

N‚Äôh√©sitez pas √†  me  contacter  pour  plus  d‚Äôinformations  ou  des  photos  suppl√©mentaires










#thenorthface #sweatshirt #sweat #hoodie #sweatshirthomme  #sweatshirtthenorthface  #homme #laselevtionvinted #men #sweatshirtmen",https://www.vinted.fr/items/6016333853-sweat-the-north-face-homme-taille-m,sweats,17.0,4.0,1.6730473885713224,0
Hellgrau melierter Pullover,Carhartt,17.0,3.0,7,5.0,134.0,"D√ºnner Sweater Langarmshirt von Carharrt, perfekt f√ºr laue Sommerabende:) super Zustand.
L: 63cm
B (Achsel-Achsel): 56cm",https://www.vinted.fr/items/2029393667-hellgrau-melierter-pullover,sweats,25.0,6.0,-0.7936752577964786,1
M√ºtze Carhartt grau,Carhartt,10.0,3.0,8,5.0,206.0,,https://www.vinted.fr/items/5197618085-mutze-carhartt-grau,casquettes,15.0,5.0,-0.9643645682986828,1
Carhartt Cap wei√ü,Carhartt,23.0,3.0,14,5.0,22.0,,https://www.vinted.fr/items/5654681856-carhartt-cap-weiss,casquettes,15.0,5.0,1.65341654989734,0
North face hoodie ,The North Face,10.0,3.0,6,5.0,24.0,"Guter Zustand
Bei Fragen gerne melden üòä",https://www.vinted.fr/items/3786763147-north-face-hoodie,sweats,17.0,4.0,-1.0495619568488193,1
"Carhartt, M√ºtze, Khaki",Carhartt,8.0,3.0,12,4.8,204.0,Selten getragen,https://www.vinted.fr/items/5982032971-carhartt-mutze-khaki,casquettes,15.0,5.0,-1.3671001249442247,1
Carhartt Hoodie,Carhartt,20.0,3.0,3,5.0,17.0,"Carhartt Hoodie

F√§llt normal aus wie eine M",https://www.vinted.fr/items/5646954797-carhartt-hoodie,sweats,25.0,6.0,-0.46825286810793,0
Schwarze Carhartt Winterjacke ,Carhartt,50.0,3.0,17,5.0,12.0,"Diese Winterjacke ist in einem sehr gutem Zustand und wurde nur wenig getragen. 
Sie h√§lt sehr warm und an der Kapuze kann man das Fellimitat nach Lust und Laune ab oder dran machen :).",https://www.vinted.fr/items/967954767-schwarze-carhartt-winterjacke,manteaux,51.0,7.0,-0.38973118559074016,0
Sweat-shirt noir,The North Face,20.0,4.0,0,,,"Sweat-shirt noir
Taille S
Taille plut√¥t grand 
Bon √©tat",https://www.vinted.fr/items/6014709354-sweat-shirt-noir,sweats,17.0,4.0,0.3117427158612516,0
Sweat Noir The North Face,The North Face,18.0,4.0,1,5.0,10.0,"√âtat: Bon √©tat (usure voir photo 4)
Taille M (taille petit)


Tag: #SweatNoir #TheNorthFace #ModeHomme #ModeFemme #V√™tementsDeMarque #Fashion #Streetwear #StyleUrbaine #V√™tementsChaud #HiverStyle #TenueCasual #LookHomme #LookFemme #FashionAddict #Sportwear #TheNorthFaceStyle #OutfitOfTheDay #SweatStyl√© #UrbanFashion #ModeStreet #LookD√©tendu #V√™tementsNoirs #SweatTheNorthFace #Sweatshirt #StyleConfortable #FashionLovers #StyleInspiration #TheNorthFaceLovers #LookSportif #CasualLook #FashionTrends #TendanceMode #V√™tementsHiver #LookEnsemble #V√™tementsDeSport #StyleD√©contract√© #TheNorthFaceAddict #SweatChaud #SweatConfort #LookNoir #V√™tementsUnisexes #StyleMinimaliste #TenueDeRando #ModeOutdoor #LookPratique #Randonneurs #ModeStreetwear #ModeHivernale #LookMontagne #ConfortAvantTout #Hoodie #Sweat√ÄCapuche #V√™tementsStyl√©s #LookDeTousLesJours #ModeEtConfort #StyleNature #TenueRando #LookNordique #V√™tementsOutdoor #AventureEnPleinAir #V√™tementsDeVoyage #AventureUrbaine #LookInsta #ModeEtAventure #LookDeVoyage #V√™tementsChauds #LookRelax #ModeDeRue #V√™tementsOutdoorLifestyle #MontagneStyle #StyleSimple #LookCasualChic #TheNorthFaceGear #V√™tementsSportifs #OutdoorStyle #SweatNoirStyl√© #TenueDeRandoNoire #StyleModerne #HiverStyl√© #SweatNoirDeMarque",https://www.vinted.fr/items/6025395311-sweat-noir-the-north-face,sweats,17.0,4.0,0.039481781319237415,0
Carhartt Sweater S,Carhartt,40.0,3.0,14,5.0,12.0,,https://www.vinted.fr/items/5381947502-carhartt-sweater-s,sweats,25.0,6.0,1.7012297298157275,0
grauer Carhartt-Pullover,Carhartt,15.0,3.0,10,5.0,25.0,Aufdruck ist ganz leicht verblasst,https://www.vinted.fr/items/3453479233-grauer-carhartt-pullover,sweats,25.0,6.0,-1.0106235175888445,1
Carhartt Winterjacke ,Carhartt,55.0,4.0,3,5.0,3.0,Preis inklusive Versand!:),https://www.vinted.fr/items/1576336178-carhartt-winterjacke,manteaux,51.0,7.0,-0.253679072173581,0
Sweat capuche,The North Face,12.0,3.0,7,4.9,1547.0,"Tr√®s bon √©tat
Brod√© noir
Id√©al ado 12-14 ans 
D autres sweat en vente pensez au lot!",https://www.vinted.fr/items/5780725697-sweat-capuche,sweats,17.0,4.0,-0.7773010223068051,1
Casquette Carhartt,Carhartt,15.0,1.0,4,4.9,414.0,,https://www.vinted.fr/items/6028933398-casquette-carhartt,casquettes,15.0,5.0,0.04247432331517214,0
Carhartt work jacket 1 of 1,Carhartt,125.0,4.0,8,4.8,17.0,"Carhartt work jacket, made for a Jewish milk factory worker named Joe. 2XL.",https://www.vinted.fr/items/4506270108-carhartt-work-jacket-1-of-1,manteaux,51.0,7.0,1.6510505156666473,0
sweat the north face,The North Face,10.0,4.0,13,4.6,131.0,Sweat √† capuche homme The North Face,https://www.vinted.fr/items/5958275057-sweat-the-north-face,sweats,17.0,4.0,-1.0495619568488193,1
Carhartt Jacke,Carhartt,55.0,3.0,14,4.4,61.0,"Winterjacke, mir leider etwas zu gro√ü :(

#carharttwip #carharttworkwear #carhartt #winterjacke #kapuze",https://www.vinted.fr/items/5646122039-carhartt-jacke,manteaux,51.0,7.0,-0.253679072173581,0
The northface trui,The North Face,25.0,3.0,8,,,,https://www.vinted.fr/items/6017754984-the-northface-trui,sweats,17.0,4.0,0.992395052216287,0
carhartt windbreaker,Carhartt,25.0,3.0,4,4.9,69.0,"nur einmal getragen
M√§nner gr√∂√üe M",https://www.vinted.fr/items/3606738653-carhartt-windbreaker,manteaux,51.0,7.0,-1.069991752676536,0
Carharrt M√ºtze blau/blau mit Bommel,Carhartt,10.0,4.0,7,5.0,189.0,,https://www.vinted.fr/items/1528869580-carharrt-mutze-blaublau-mit-bommel,casquettes,15.0,5.0,-0.9643645682986828,1
Carhartt Pullover Marine Blau XS,Carhartt,14.0,3.0,20,5.0,23.0,"wenig getragen, guter zustand, mehr infos auf anfrage",https://www.vinted.fr/items/4361948015-carhartt-pullover-marine-blau-xs,sweats,25.0,6.0,-1.1190976474850274,1
Carhartt Cap,Carhartt,15.0,1.0,2,4.9,62.0,,https://www.vinted.fr/items/6028918321-carhartt-cap,casquettes,15.0,5.0,0.04247432331517214,0
Carhartt Detroit Rework,Carhartt,89.99,4.0,8,4.8,109.0,"Rework Variante ‚úÖ

Perfekt f√ºr den Fr√ºhling üíØ

Tags :

#nike #puma #adidas #6pm #peso #lfdy #systemic #Trendtvision #gorpcore #nikevintage #windbreaker #Niketech #nikesport #rueporter #tnf#streetwear #sweater #hose #hoodie #trackpants
#baggy #cropped #regenjacke #workwear #carhartt #99based #northface #pegador #6pm #lacoste #y2k #baggy #cropped #supreme #vintage #acne #blokecore #montbell",https://www.vinted.fr/items/6003068034-carhartt-detroit-rework,manteaux,51.0,7.0,0.6984136175196988,0
Sweat-shirt The North Face,The North Face,15.0,3.0,13,4.8,71.0,Sweat-shirt vert fonc√© et noir de The North Face. Tr√®s bon √©tat.,https://www.vinted.fr/items/5958484189-sweat-shirt-the-north-face,sweats,17.0,4.0,-0.36890962049378384,0
Carhartt - Clash Parka - schwarz - M,Carhartt,10.0,,17,5.0,15.0,"Gern getragener Carhartt Clash Parka mit Gerbrauchsspuren (siehe Bilder) mit Steppfutter. Alle Ressverschl√ºsse und Kn√∂pfe in Takt. R√ºckenteil Fishbone kann hochgen√∂pft werden. 
Innentasche vorhanden.",https://www.vinted.fr/items/5192275171-carhartt-clash-parka-schwarz-m,manteaux,51.0,7.0,-1.4781480929280135,0
Hoodie The North Face,The North Face,9.5,4.0,6,5.0,47.0,"Couleur Terra Cota
Cordelette √† remplacer ou √† retirer",https://www.vinted.fr/items/6005076214-hoodie-the-north-face,sweats,17.0,4.0,-1.1176271904843227,1
Sudadera The North Face,The North Face,29.0,2.0,15,5.0,6.0,"Talla M
Color crema/gris claro 

Usada una vez solamente 

Todas las prendas de mi armario est√°n en perfectas condiciones üëåüèº, tal como marcan las descripciones y se env√≠an lavadas üßº y planchadas.

#thenorthface #thenorthfacevintage #sudadera",https://www.vinted.fr/items/5995001711-sudadera-the-north-face,sweats,17.0,4.0,1.5369169213003153,0
Carhartt Pullover,Carhartt,30.0,3.0,4,,,,https://www.vinted.fr/items/5942917284-carhartt-pullover,sweats,25.0,6.0,0.6164884308538988,0
Sweat the north face,The North Face,30.0,3.0,3,4.8,24.0,,https://www.vinted.fr/items/6004081184-sweat-the-north-face,sweats,17.0,4.0,1.6730473885713224,0
Carhartt sweater Herren,Carhartt,40.0,4.0,3,,,,https://www.vinted.fr/items/5994674534-carhartt-sweater-herren,sweats,25.0,6.0,1.7012297298157275,0
Carhatt Jacke gef√ºttert (S),Carhartt,30.0,4.0,7,5.0,22.0,"Gut erhaltene, gebrauchte Carhatt Jacke in Gr√∂√üe S. Innen gef√ºttert. 

Bei Fragen, einfach melden :) 

Verkauf nur √ºber Paypal. Keine R√ºcknahme.",https://www.vinted.fr/items/5462411188-carhatt-jacke-gefuttert-s,manteaux,51.0,7.0,-0.9339396392593768,0
Pull The North Face,The North Face,11.0,3.0,8,5.0,25.0,"porte quelques fois
Tr√®s bon √©tat 
Aglet l√©g√®rement cass√© (voir photo)",https://www.vinted.fr/items/4218489670-pull-the-north-face,sweats,17.0,4.0,-0.9134314895778122,1
The North Face Sweater,The North Face,23.0,3.0,5,5.0,51.0,"selten getragen
PREISE SIND VERHANDELBAR",https://www.vinted.fr/items/1687902306-the-north-face-sweater,sweats,17.0,4.0,0.7201341176742728,0
carhartt sweater,Carhartt,13.0,3.0,12,4.3,32.0,"Versandkosten ab 3,99‚Ç¨
bitte nicht √ºbers system kaufen sondern mich vorher anschreiben :) danke!",https://www.vinted.fr/items/2920217618-carhartt-sweater,sweats,25.0,6.0,-1.2275717773812103,1
Carhartt M√ºtze,Carhartt,8.0,4.0,8,5.0,87.0,,https://www.vinted.fr/items/4357574696-carhartt-mutze,casquettes,15.0,5.0,-1.3671001249442247,1
Carhartt Pullover Crewneck,Carhartt,16.0,4.0,7,4.9,159.0,"sehr sch√∂ner Pullover 
Wie neu bis auf ganz kleine Flecken 
Die Fallen aber echt garnicht auf",https://www.vinted.fr/items/5970035406-carhartt-pullover-crewneck,sweats,25.0,6.0,-0.9021493876926615,1
Carhartt jacke mit  fellkaputze,Carhartt,35.0,4.0,10,4.3,25.0,Guter Zustand,https://www.vinted.fr/items/3245345206-carhartt-jacke-mit-fellkaputze,manteaux,51.0,7.0,-0.7978875258422177,1
Carhartt Og Chore Coat,Carhartt,78.0,3.0,8,4.5,16.0,"Selten Getragen, guter zustand",https://www.vinted.fr/items/5703629186-carhartt-og-chore-coat,manteaux,51.0,7.0,0.37216064954535116,0
Carhartt M√ºtze,Carhartt,8.0,4.0,8,5.0,87.0,,https://www.vinted.fr/items/4357574696-carhartt-mutze,casquettes,15.0,5.0,-1.3671001249442247,1
Carhartt Jacke,Carhartt,25.0,4.0,9,5.0,10.0,Ich verkaufe eine Winterjacke / Parka in brauner Farbe.,https://www.vinted.fr/items/5925282833-carhartt-jacke,manteaux,51.0,7.0,-1.069991752676536,0
Carhartt Jacke,Carhartt,35.0,3.0,3,4.7,40.0,"Cooler Carhartt Anorak, selten getragen, guter Zustand",https://www.vinted.fr/items/2654060291-carhartt-jacke,manteaux,51.0,7.0,-0.7978875258422177,0
The north face pullover,The North Face,15.0,4.0,10,,,oft getragen aber hing jetzt nur noch im Schrank. Kann jedes Gechlecht tragen,https://www.vinted.fr/items/1801691867-the-north-face-pullover,sweats,17.0,4.0,-0.36890962049378384,0
Anchorage Parka von Carhartt,Carhartt,89.0,3.0,3,5.0,2720.0,"Das Modell ist mehr als bekannt!
Hervorragende Qualit√§t und sehr aufw√§ndig verarbeitet! Absoluter Hingucker!
Extrem robust und Wetterbest√§ndig!
Super warm!
Bei weiteren Fragen einfach mailen 
Privat Verkauf, keine R√ºcknahme",https://www.vinted.fr/items/5973013265-anchorage-parka-von-carhartt,manteaux,51.0,7.0,0.6714752990631013,0
Carhartt Kappe braun,Carhartt,18.0,3.0,18,5.0,10.0,,https://www.vinted.fr/items/5125312945-carhartt-kappe-braun,casquettes,15.0,5.0,0.6465776582834851,0
casquette carhartt,Carhartt,19.9,2.0,5,,,,https://www.vinted.fr/items/6031216557-casquette-carhartt,casquettes,15.0,5.0,1.0291764370967498,0
Carhartt Hoodie ,Carhartt,10.0,4.0,11,5.0,96.0,"Gut erhaltener Hoodie von Carhartt, steht zwar S drin, w√ºrde aber eher sagen ist ne XS",https://www.vinted.fr/items/3059991887-carhartt-hoodie,sweats,25.0,6.0,-1.552994167069759,1
Carhartt Pullover/Sweater/hoodie,Carhartt,15.0,,2,5.0,16.0,"Vintage
Weite:46cm
L√§nge:52cm
Fittet:S-M

Ein kleiner Fleck auf der Vorderseite (zu sehen im 3. Bild)",https://www.vinted.fr/items/5470330840-carhartt-pulloversweaterhoodie,sweats,25.0,6.0,-1.0106235175888445,0
Sweat-shirt The North Face,The North Face,12.0,3.0,8,4.9,460.0,Sweat-shirt The North Face bleu taille S en parfait √©tat,https://www.vinted.fr/items/4293371925-sweat-shirt-the-north-face,sweats,17.0,4.0,-0.7773010223068051,1
North face sweater,The North Face,13.5,3.0,14,4.4,209.0,"Maat large
Heerlijke warme sweater",https://www.vinted.fr/items/5941757782-north-face-sweater,sweats,17.0,4.0,-0.5731053214002945,1
D√ºnner The North Face Pullover ,The North Face,15.0,3.0,9,5.0,9.0,"Er ist in einem sehr guten Zustand, da ich ihn kaum getragen habe. 

Preis inklusive Verpackungskosten und Sendungskosten.",https://www.vinted.fr/items/3441251300-dunner-the-north-face-pullover,sweats,17.0,4.0,-0.36890962049378384,0
Carhartt Woll pullover,Carhartt,16.5,3.0,9,4.9,55.0,"Cooler, gr√ºner Carhartt Pullover üü¢
Cooles, ausgefallenes Muster 
Zustand ist den Bildern zu entnehmen 
Versand üì¶ erfolgt grunds√§tzlich unversichert 
Bei Fragen einfach anschreiben! 



#carhartt #style #fashion #streetwear #berlin #pasha #pashastyle #berlinstyle",https://www.vinted.fr/items/5298202126-carhartt-woll-pullover,sweats,25.0,6.0,-0.8479123227445701,1
Cappello carhartt,Carhartt,24.99,1.0,1,,,,https://www.vinted.fr/items/6017414192-cappello-carhartt,casquettes,15.0,5.0,2.054138428759654,0
Carhartt oversize Jacke,Carhartt,70.0,4.0,9,5.0,16.0,"gebrauchter Zustand siehe Bilder 
used look
NP 180‚Ç¨",https://www.vinted.fr/items/4245645315-carhartt-oversize-jacke,manteaux,51.0,7.0,0.15447726807789652,0
North Face XXL,The North Face,10.0,4.0,15,4.8,25.0,"Pullover komplett schwarz eingef√§rbt, und danach wurde er nicht mehr getragen. Ist aber auch nicht mehr der neuste.",https://www.vinted.fr/items/5984029659-north-face-xxl,sweats,17.0,4.0,-1.0495619568488193,1
"*carharrt beanie M√ºtze dunkelblau one size, wie neu*",Carhartt,9.0,3.0,10,4.9,1122.0,"Sehr selten getragen, wie neu",https://www.vinted.fr/items/3639520957-carharrt-beanie-mutze-dunkelblau-one-size-wie-neu,casquettes,15.0,5.0,-1.1657323466214538,1
North face sweater,The North Face,13.5,3.0,14,4.4,209.0,"Maat large
Heerlijke warme sweater",https://www.vinted.fr/items/5941757782-north-face-sweater,sweats,17.0,4.0,-0.5731053214002945,1
Oberteil ,The North Face,10.0,3.0,5,4.8,43.0,"The North Face cropped Oberteil von Asos gekauft np war 25‚Ç¨ 
2 mal getragen",https://www.vinted.fr/items/3335272922-oberteil,sweats,17.0,4.0,-1.0495619568488193,1
Carhartt M√ºtze Beanie grau,Carhartt,9.0,4.0,9,5.0,44.0,Bis auf ein paar Fussel vom Waschen keine Gebrauchsspuren!,https://www.vinted.fr/items/3835836608-carhartt-mutze-beanie-grau,casquettes,15.0,5.0,-1.1657323466214538,1
The North Face Long sleeve/Langarm Shirt ,The North Face,15.0,3.0,14,5.0,5.0,Sehr gut erhaltenes Long sleeve von The NORTH FACE!,https://www.vinted.fr/items/1937599388-the-north-face-long-sleevelangarm-shirt,sweats,17.0,4.0,-0.36890962049378384,0
Abrigo carhatt verde oscuro,Carhartt,120.0,3.0,10,5.0,2.0,"Usado 1 invierno, talla M de hombre",https://www.vinted.fr/items/890014134-abrigo-carhatt-verde-oscuro,manteaux,51.0,7.0,1.5149984022494882,0
Carhartt Parka,Carhartt,25.0,4.0,8,4.9,235.0,"Guter, getragener Zustand. 

#carhartt #carharttwip #carharttvintage #carharttworkwear #wip #vintage",https://www.vinted.fr/items/5665043325-carhartt-parka,manteaux,51.0,7.0,-1.069991752676536,1
Hoodie The North Face,The North Face,9.5,4.0,6,5.0,47.0,"Couleur Terra Cota
Cordelette √† remplacer ou √† retirer",https://www.vinted.fr/items/6005076214-hoodie-the-north-face,sweats,17.0,4.0,-1.1176271904843227,1
Pull the north face,The North Face,12.0,4.0,2,,,Pull noir tnf homme,https://www.vinted.fr/items/6019122801-pull-the-north-face,sweats,17.0,4.0,-0.7773010223068051,0
Carhartt Oberteil ,Carhartt,30.0,4.0,3,5.0,6.0,Cooles gr√ºnes carhartt Oberteil. Der Verkauf erfolgt unter Ausschluss jeglicher Gew√§hrleistung.,https://www.vinted.fr/items/3988113107-carhartt-oberteil,sweats,25.0,6.0,0.6164884308538988,0
Carhartt Sedona Sweater in M,Carhartt,30.0,3.0,6,5.0,245.0,"Getragen aber in gutem Zustand 
Gr√∂√üe wie angegeben",https://www.vinted.fr/items/5936158859-carhartt-sedona-sweater-in-m,sweats,25.0,6.0,0.6164884308538988,0
Sweat √† capuche The North Face,The North Face,13.0,4.0,5,4.9,292.0,"Capuche avec lien de serrage
L√©g√®re d√©coloration sur le bord avant de la capuche",https://www.vinted.fr/items/6037381071-sweat-a-capuche-the-north-face,sweats,17.0,4.0,-0.641170555035798,1
Beige/lichtgele sweater,The North Face,9.0,3.0,10,5.0,140.0,"Beige lichtgele sweater
1 klein vlekje (zie foto)
Nog in goede staat",https://www.vinted.fr/items/5973990226-beigelichtgele-sweater,sweats,17.0,4.0,-1.1856924241198263,1
Jacke / Parka von Carhartt in kakigr√ºn,Carhartt,26.0,3.0,12,5.0,30.0,Die Jacke ist leicht gef√ºttert also eine sch√∂ne √úbergangsjacke :)  Auf der Schulter ist ein Fleck (siehe Foto) den man aber nicht sieht wenn die Kapuze dr√ºber h√§ngt. Die Kapuze ist auch abnehmbar.,https://www.vinted.fr/items/5329967120-jacke-parka-von-carhartt-in-kakigrun,manteaux,51.0,7.0,-1.0427813299931041,1
Regenjacke mit Kapuze Carhartt,Carhartt,17.0,4.0,13,4.8,21.0,"Regenjacke mit Kapuze. Die Strippe dazu fehlt leider (siehe Foto). 

Ansonsten einwandfreier Artikel.",https://www.vinted.fr/items/5766071611-regenjacke-mit-kapuze-carhartt,manteaux,51.0,7.0,-1.2876751341439907,1
The North Face Fleece,The North Face,22.0,3.0,9,2.6,5.0,"Fluffy TNF fleece in  pretty cyan colour.

Size: XS

Great Condition.",https://www.vinted.fr/items/1641304720-the-north-face-fleece,sweats,17.0,4.0,0.5840036504032657,0
Carhartt Winterjacke,Carhartt,58.0,3.0,7,5.0,39.0,"Dicke, warme Winterjacke, wenig getragen, viele Taschen. Keine M√§ngel. 

Neupreis 329,95‚Ç¨",https://www.vinted.fr/items/5598606839-carhartt-winterjacke,manteaux,51.0,7.0,-0.1720478041232855,0
Carhartt Mantel Parka abnehmbare Kapuze Gr√ºn Gr. S,Carhartt,60.0,4.0,0,5.0,3.0,"Verkaufe meinen gef√ºtterten Carhartt Parka.

Auf der einen Schulter hat sich ein Knopf gel√∂st, original Ersatz liegt bei.",https://www.vinted.fr/items/5977626423-carhartt-mantel-parka-abnehmbare-kapuze-grun-gr-s,manteaux,51.0,7.0,-0.11762695875642182,0
Sweat  the north  face  homme.Taille  S,The North Face,30.0,3.0,0,4.9,46.0,"Marque : The  North  Face
Couleur  :  Noire
Taille : S
Mat√©riaux  : Coton  doux  et  durable
√âtat :  Tr√®s  bon √©tat  

N‚Äôh√©sitez  pas √†  me  contacter  pour  plus  d‚Äôinformations ou  des  photos  suppl√©mentaires.










#thenorthface #sweatshirt #sweat #hoodie #sweatshirthomme  #sweatshirtthenorthface  #homme #laselevtionvinted #men #sweatshirtmen",https://www.vinted.fr/items/6016512081-sweat-the-north-face-hommetaille-s,sweats,17.0,4.0,1.6730473885713224,0
Cispo carhartt,Carhartt,110.0,1.0,4,4.7,25.0,‚ö†Ô∏èPRE√áO NEGOCI√ÅVEL‚ö†Ô∏èCasaco completamente novo nunca usado super quente e com pelo por dentro,https://www.vinted.fr/items/5724158416-cispo-carhartt,manteaux,51.0,7.0,1.2428941754151699,0
Vintage Carhartt Crewneck,Carhartt,17.0,3.0,4,5.0,8.0,"Paar mal getragen 
sehr komfortabel und sch√∂n
Guter Zustand",https://www.vinted.fr/items/5951849273-vintage-carhartt-crewneck,sweats,25.0,6.0,-0.7936752577964786,0
Carhartt Mantel Jacke,Carhartt,39.0,3.0,16,5.0,89.0,"Carhartt Mantel Parka in dunkelblau 

üëïZUSTAND: leicht abgetragen aber keine M√§ngel 8,5/10

Gr√∂√üe: M

üí∏per paypal, √ºberweisung oder √ºbers system
bei fragen gerne melden:)",https://www.vinted.fr/items/5962069881-carhartt-mantel-jacke,manteaux,51.0,7.0,-0.6890458351084904,1
Gorra Carhartt Vintage logo bordado,Carhartt,12.0,3.0,8,4.9,442.0,,https://www.vinted.fr/items/6004261897-gorra-carhartt-vintage-logo-bordado,casquettes,15.0,5.0,-0.5616290116531408,1
carhartt Schirmm√ºtze kariert 52 cm Umfang grau/gr√ºn/schwarz,Carhartt,14.0,3.0,1,,,,https://www.vinted.fr/items/5236777616-carhartt-schirmmutze-kariert-52-cm-umfang-graugrunschwarz,casquettes,15.0,5.0,-0.15889345500759885,0
Carhartt Mantel,Carhartt,15.0,3.0,3,5.0,50.0,"Warme Jacke bzw. Mantel von Carhartt.
Sehr warm 
Fast nie getragen",https://www.vinted.fr/items/5820642420-carhartt-mantel,manteaux,51.0,7.0,-1.3420959795108542,0
Parca Carhartt,Carhartt,110.0,3.0,4,5.0,1.0,"Se ha usado pero est√° en perfecto estado, casi nueva.",https://www.vinted.fr/items/5646579272-parca-carhartt,manteaux,51.0,7.0,1.2428941754151699,0
Casquette Carhartt jaune sable vintage,Carhartt,15.0,2.0,11,,,,https://www.vinted.fr/items/6028013113-casquette-carhartt-jaune-sable-vintage,casquettes,15.0,5.0,0.04247432331517214,0
North face Hoodie Gr√∂√üe L,The North Face,15.0,4.0,8,5.0,23.0,Verkauf hier einen Hoodie von north face in der Gr√∂√üe L Farbe blau,https://www.vinted.fr/items/5031871209-north-face-hoodie-grosse-l,sweats,17.0,4.0,-0.36890962049378384,0
Carhartt Woll pullover,Carhartt,16.5,3.0,9,4.9,55.0,"Cooler, gr√ºner Carhartt Pullover üü¢
Cooles, ausgefallenes Muster 
Zustand ist den Bildern zu entnehmen 
Versand üì¶ erfolgt grunds√§tzlich unversichert 
Bei Fragen einfach anschreiben! 



#carhartt #style #fashion #streetwear #berlin #pasha #pashastyle #berlinstyle",https://www.vinted.fr/items/5298202126-carhartt-woll-pullover,sweats,25.0,6.0,-0.8479123227445701,1
Blaue Carhartt Jacke Work Wear,Carhartt,60.0,3.0,17,4.3,30.0,Sehr gut erhaltende Carhartt Jacke mit Innenfell,https://www.vinted.fr/items/5762570378-blaue-carhartt-jacke-work-wear,manteaux,51.0,7.0,-0.11762695875642182,0
Carhartt Pulli S,Carhartt,10.0,3.0,7,4.9,74.0,"Guter Zustand, selten getragen, Druck unbesch√§digt",https://www.vinted.fr/items/6004603775-carhartt-pulli-s,sweats,25.0,6.0,-1.552994167069759,1
Pull carhartt,Carhartt,25.0,3.0,10,4.4,73.0,"pull carhartt 
taille XS
logo brod√©",https://www.vinted.fr/items/6021456158-pull-carhartt,sweats,25.0,6.0,0.07411778137298439,0
Jas Carhartt,Carhartt,15.0,3.0,18,4.9,52.0,"Amper gedragen, zwart, ideaal voor tussenseizoen",https://www.vinted.fr/items/6024144979-jas-carhartt,manteaux,51.0,7.0,-1.3420959795108542,1
The North Face Pullover,The North Face,15.0,3.0,9,4.8,86.0,"Ist in einem super Zustand.   
Bei Fragen gerne melden.",https://www.vinted.fr/items/5534277557-the-north-face-pullover,sweats,17.0,4.0,-0.36890962049378384,0
Vintage Y2K Carhartt sweatshirt hoodie,Carhartt,20.0,4.0,3,5.0,710.0,Ein brandloch sonst keine M√§ngel,https://www.vinted.fr/items/5887288371-vintage-y2k-carhartt-sweatshirt-hoodie,sweats,25.0,6.0,-0.46825286810793,0
The North Face Pullover ,The North Face,20.0,3.0,2,4.5,2.0,The North Face Pullover sehr gut erhalten              Gr√∂√üe XS                                                                    Bei Fragen gerne schreiben,https://www.vinted.fr/items/1586662173-the-north-face-pullover,sweats,17.0,4.0,0.3117427158612516,0
The North Face Vintage Fleece Pullover Herren L Schwarz Half Zip,The North Face,25.0,3.0,2,5.0,396.0,"Schulter zu Schulter: (Breite): 48cm
Achsel zu Achsel: (Breite): 54cm
Nacken bis Bund: (L√§nge): 71cm 
(Die Angaben k√∂nnen um 3 cm variieren)
√úberpr√ºfe die Ma√üe an eigener Vergleichskleidung, um einen Fehlkauf zu vermeiden. Sonst frag uns gerne.
Zustandsranking: 10/10

Ich gebe gerne bis zu 50% Mengenrabatt bei kauf von mehreren Artikeln.

Nice zu rocken.
Wenn du nett fragst, k√∂nnen wir gerne Verhandeln. ü•≥
Ich brauche Platz, daher werden wir uns auf eine guten Preis einigen k√∂nnen. 
Bevorzugter Versand √ºber DHL, Hermes oder UPS.

Folge gerne f√ºr mehr nice Pieces. Ich lade hier regelm√§√üig neuen Stuff hoch. ü•∞

Ich reserviere maximal 24 Stunden. Wenn die Zahlung nach Ablauf nicht eingegangen ist, geht der Artikel wieder online. 

Wenn du den R√ºckversand √ºbernimmst, gebe ich dir gerne Geld zur√ºck Garantie. 
 
Bezahlung √ºber Vinted, PayPal oder Bank√ºberweisung m√∂glich. 

Keine Fitpics.

#VintagePullover #Strickpullover #VintageStyle #RetroFashion #SecondHandMode #NachhaltigeMode #VintageLover #PulloverWetter #KuscheligWarm #ModeMitGeschichte #Uniqefinds #90sFashion #80sStyle #CozyVintage #WinterOutfit",https://www.vinted.fr/items/6027657188-the-north-face-vintage-fleece-pullover-herren-l-schwarz-half-zip,sweats,17.0,4.0,0.992395052216287,0
Sweat north face,The North Face,20.0,4.0,1,5.0,4.0,"Bon √©tat, assez peu port√©",https://www.vinted.fr/items/6022440354-sweat-north-face,sweats,17.0,4.0,0.3117427158612516,0
Carhartt sweater Creme,Carhartt,35.0,2.0,24,1.0,3.0,Paar mal getragener Carhartt sweater der mir aber leider zu gro√ü ist. Die condition ist einwandfrei!,https://www.vinted.fr/items/4567607298-carhartt-sweater-creme,sweats,25.0,6.0,1.158859080334813,0
Sweat the North Face Jaune,The North Face,7.0,4.0,0,4.5,8.0,Produits port√©s plusieurs fois mais en bon √©tat encore,https://www.vinted.fr/items/6024342905-sweat-the-north-face-jaune,sweats,17.0,4.0,-1.4579533586618405,0
The North Face Sweater,The North Face,10.0,4.0,5,5.0,88.0,- M√§ngel aus den Bildern zu entnehmen,https://www.vinted.fr/items/5153102772-the-north-face-sweater,sweats,17.0,4.0,-1.0495619568488193,1
The North face trui S,The North Face,8.5,3.0,6,5.0,93.0,Hele mooie sweater,https://www.vinted.fr/items/6013954864-the-north-face-trui-s,sweats,17.0,4.0,-1.2537576577553298,1
Veste de pluie,Carhartt,110.0,2.0,11,4.8,78.0,"Veste de pluie, coupe vent.
Jamais port√©e. Neuve sans √©tiquette.
Elle est bleu clair √† l'int√©rieur, bleu fonc√© √† l'ext√©rieur.",https://www.vinted.fr/items/4978694398-veste-de-pluie,manteaux,51.0,7.0,1.2428941754151699,0
M√ºtze Carhartt,Carhartt,10.5,2.0,4,4.9,47.0,,https://www.vinted.fr/items/3541899618-mutze-carhartt,casquettes,15.0,5.0,-0.8636806791372973,0
Carhartt M√ºtze rosa,Carhartt,11.0,3.0,14,5.0,32.0,"selten getragen, h√§lt sch√∂n warm",https://www.vinted.fr/items/5587147318-carhartt-mutze-rosa,casquettes,15.0,5.0,-0.7629967899759118,1
The North Face Hoodie Gr M wie neu,The North Face,13.0,3.0,7,4.8,171.0,"Nur 1-2 mal getragen 
Aus den USA",https://www.vinted.fr/items/5334140713-the-north-face-hoodie-gr-m-wie-neu,sweats,17.0,4.0,-0.641170555035798,1
The North Face jersey original perfecto como nuevo talla XXL vale para L y XL,The North Face,22.0,3.0,5,4.7,365.0,The North Face jersey original perfecto como nuevo talla XXL vale para L y XL,https://www.vinted.fr/items/5997597177-the-north-face-jersey-original-perfecto-como-nuevo-talla-xxl-vale-para-l-y-xl,sweats,17.0,4.0,0.5840036504032657,0
Carhartt Nimbus Pullover (winter),Carhartt,120.0,3.0,14,4.7,21.0,"Carhartt Nimbus Pullover (winter)
üé® Couleur : Dark Fir/vert 
Tient tr√®s chaud et prot√®ge tr√®s bien de la pluie.
Doublure polaire √† l‚Äôint√©rieur.
Excellent √©tat, comme neuf, aucuns d√©fauts.",https://www.vinted.fr/items/1506673044-carhartt-nimbus-pullover-winter,manteaux,51.0,7.0,1.5149984022494882,0
Carharrt crewneck,Carhartt,35.0,4.0,11,5.0,1.0,Carharrt creek in Grau Schwarz in gr xxl,https://www.vinted.fr/items/5772019754-carharrt-crewneck,sweats,25.0,6.0,1.158859080334813,0
The North Face Sweater,The North Face,10.0,4.0,5,5.0,88.0,- M√§ngel aus den Bildern zu entnehmen,https://www.vinted.fr/items/5153102772-the-north-face-sweater,sweats,17.0,4.0,-1.0495619568488193,1
Carhartt Sweater schwarz,Carhartt,15.0,2.0,17,,,"Gr. S
F√§llt gr√∂√üer aus",https://www.vinted.fr/items/4868938991-carhartt-sweater-schwarz,sweats,25.0,6.0,-1.0106235175888445,0
Carhatt Winterparka ,Carhartt,110.0,3.0,15,5.0,5.0,Wirklich sehr massiver und robuster winterparka mit Fell an der Kapuze mit Rei√üverschluss,https://www.vinted.fr/items/3685785387-carhatt-winterparka,manteaux,51.0,7.0,1.2428941754151699,0
Sweat hoodies marron/ bordeaux the north face taille L en bon √©tat,The North Face,10.5,4.0,1,5.0,246.0,"üí• sweat hoodies the north face marron/bordeaux taille L en bon √©tat, t√¢che sur le devant cf photo

Frais de port ajust√© au plus bas 
Envoi rapide et soign√© 


#thenorthface#thenorthfacevintage#pulltnf#hoodiestnf#sweatacapuchetnf#tailleL#vetementchauddhiver#vinteditaliaspagnafranciaitaliaolandabel#vintedallemagneirlandeportugal",https://www.vinted.fr/items/6030821393-sweat-hoodies-marron-bordeaux-the-north-face-taille-l-en-bon-etat,sweats,17.0,4.0,-0.9814967232133157,0
Sweat √† enfiler The North Face Gris Flocage Bleu Taille M homme,The North Face,20.0,3.0,0,5.0,97.0,"üß• Marque : The North Face

üìù Mod√®le : Sweat √† enfiler

üé® Couleur : Gris avec flocage bleu

üìè Taille : M (Homme)

‚ú® √âtat : Tr√®s bon √©tat

üì¶ Description : Sweat √† enfiler The North Face gris avec un flocage bleu sur le torse. Style classique et intemporel, id√©al pour un look d√©contract√© ou sportif.

#TheNorthFace #SweatTheNorthFace #ModeHomme #SweatGris #FlocageBleu #StyleD√©contract√© #ModeOutdoor #CasualLook #TheNorthFaceOriginal #V√™tementHommeTendance",https://www.vinted.fr/items/6017333808-sweat-a-enfiler-the-north-face-gris-flocage-bleu-taille-m-homme,sweats,17.0,4.0,0.3117427158612516,0
The North Face size medium color grey,The North Face,8.0,,9,4.9,77.0,"Grey, size M. Printed logo‚Äôs on the front and the back are a bit faded but no damages",https://www.vinted.fr/items/6012339092-the-north-face-size-medium-color-grey,sweats,17.0,4.0,-1.3218228913908334,0
Sweater,The North Face,10.0,4.0,4,5.0,36.0,"Gut erhalten.
Privatverkauf, keine Garantie & R√ºcknahme.

Bei Interesse gern melden, Preis VHB.",https://www.vinted.fr/items/4862550849-sweater,sweats,17.0,4.0,-1.0495619568488193,0
Carhartt Sweater,Carhartt,19.0,3.0,11,5.0,91.0,Sweatshirt,https://www.vinted.fr/items/3737429752-carhartt-sweater,sweats,25.0,6.0,-0.5767269980041129,1
Sweat The North face taille XL homme,The North Face,19.5,3.0,0,,,"En tr√®s bon √©tat g√©n√©ral, usure normal avec le temps comme des bouloches ou une couleur un peu us√© mais aucun d√©faut majeur

Taille XL pour homme

Livraison soign√© et rapide ( en moins de 24h )
Si vous avez des questions, n'h√©sitez pas √† me contacter",https://www.vinted.fr/items/6037624995-sweat-the-north-face-taille-xl-homme,sweats,17.0,4.0,0.24367748222574803,0
pull north face xl,The North Face,25.95,3.0,2,5.0,687.0,"Sweat demi zip, The North Face, taille XL homme. 

De couleur kaki et noir, tr√®s bon √©tat.",https://www.vinted.fr/items/6020839270-pull-north-face-xl,sweats,17.0,4.0,1.1217189961237435,0
Hoodie Carhardt,Carhartt,10.0,3.0,10,4.8,74.0,"Sch√∂ner, gem√ºtlicher Hoodie von Carhardt. Hat einen kleinen Fehler am √Ñrmel (siehe Foto)",https://www.vinted.fr/items/5592588673-hoodie-carhardt,sweats,25.0,6.0,-1.552994167069759,1
North face,The North Face,15.0,4.0,2,,,Pouco uso,https://www.vinted.fr/items/6003716556-north-face,sweats,17.0,4.0,-0.36890962049378384,0
graue M√ºtze von Carhartt,Carhartt,6.0,3.0,20,5.0,412.0,Die M√ºtze ist in einem sehr guten Zustand.,https://www.vinted.fr/items/5922771574-graue-mutze-von-carhartt,casquettes,15.0,5.0,-1.7698356815897667,1
Herrenparka Carhartt in xxl,Carhartt,60.0,3.0,8,5.0,134.0,"Modell Clash Parka
Gef√ºttert",https://www.vinted.fr/items/5961755402-herrenparka-carhartt-in-xxl,manteaux,51.0,7.0,-0.11762695875642182,0
Carhartt Pullover in Navy/dunkelblau (Retro),Carhartt,32.0,1.0,3,4.6,10.0,Kaum getragener Pullover in Gr√∂√üe S,https://www.vinted.fr/items/1691681907-carhartt-pullover-in-navydunkelblau-retro,sweats,25.0,6.0,0.8334366906462646,0
Roter Carhartt Pullover Chase Sweat,Carhartt,32.0,3.0,5,5.0,115.0,,https://www.vinted.fr/items/5932683484-roter-carhartt-pullover-chase-sweat,sweats,25.0,6.0,0.8334366906462646,0
Sweat √† capuche,The North Face,10.0,3.0,13,4.5,152.0,Port√© quelques fois,https://www.vinted.fr/items/5956443783-sweat-a-capuche,sweats,17.0,4.0,-1.0495619568488193,1
Gelber Carhartt Windbreaker ,Carhartt,25.0,3.0,20,4.0,4.0,"Selten getragen, nicht Wasserdicht",https://www.vinted.fr/items/895884910-gelber-carhartt-windbreaker,manteaux,51.0,7.0,-1.069991752676536,0
Felpa the north face,The North Face,20.0,3.0,8,4.8,25.0,"Felpa usata ma in ottime condizioni, presenta delle piccole macchie quasi impercettibili sul logo come da foto",https://www.vinted.fr/items/5985618709-felpa-the-north-face,sweats,17.0,4.0,0.3117427158612516,0
Carhartt Strick Pulli XL,Carhartt,20.0,,4,4.9,30.0,"benutzter Pulli, alles wie auf den bildern.",https://www.vinted.fr/items/2583916246-carhartt-strick-pulli-xl,sweats,25.0,6.0,-0.46825286810793,0
Alpha Industrie Hoodie,The North Face,25.0,3.0,9,,,Keine Beschreibung,https://www.vinted.fr/items/5131924734-alpha-industrie-hoodie,sweats,17.0,4.0,0.992395052216287,0
Parker von carhartt in dunkelblau in L,Carhartt,80.0,3.0,7,,,,https://www.vinted.fr/items/744768069-parker-von-carhartt-in-dunkelblau-in-l,manteaux,51.0,7.0,0.42658149491221486,0
Carhartt Parka Gr. S,Carhartt,40.0,4.0,15,5.0,150.0,Carhartt Tropper Parka. F√§llt gr√∂√üer aus (Gr. M).,https://www.vinted.fr/items/5486694575-carhartt-parka-gr-s,manteaux,51.0,7.0,-0.6618354124250585,1
The North Face Pullover,The North Face,21.0,3.0,8,5.0,7.0,"-the North face Pullover
-√∂fter getragen aber der Zustand ist sehr gut",https://www.vinted.fr/items/1340564760-the-north-face-pullover,sweats,17.0,4.0,0.44787318313225866,0
Cappello Carhartt,Carhartt,17.99,2.0,25,4.7,118.0,,https://www.vinted.fr/items/5990606564-cappello-carhartt,casquettes,15.0,5.0,0.6445639805002571,0
Carhartt Anorak Fleese,Carhartt,30.0,3.0,9,4.8,44.0,"warm jacket in excellent condition with fleece, many adjustments",https://www.vinted.fr/items/4077366000-carhartt-anorak-fleese,manteaux,51.0,7.0,-0.9339396392593768,1
pull the north face noir femme - Taille S,The North Face,25.0,3.0,0,4.8,45.0,"üìèTaille S

üßºSoins 9/10

üöÄEnvoie en 48h",https://www.vinted.fr/items/6008536725-pull-the-north-face-noir-femme-taille-s,sweats,17.0,4.0,0.992395052216287,0
Parka Carhartt,Carhartt,120.0,1.0,8,5.0,140.0,Parka Carhatt neuve avec √©tiquettes üè∑,https://www.vinted.fr/items/5226105998-parka-carhartt,manteaux,51.0,7.0,1.5149984022494882,0
Carhart sweater,Carhartt,13.0,,12,4.7,112.0,"Kleine Flecken , fallen beim tragen nicht auf",https://www.vinted.fr/items/5963754500-carhart-sweater,sweats,25.0,6.0,-1.2275717773812103,0
Vintage beige the north face Pulli,The North Face,29.0,3.0,6,4.9,53.0,"-nie getragen
-Neupreis:60‚Ç¨
-alles intakt
-perfekter Zustand
-Gr√∂√üe m-L
- alle Bezahlarten m√∂glich (am besten √ºbers System ,Paypal oder √úberweisung)
-Preis verhandelbar !!!
-schnell verschickt

Tags:
#vintage #y2k #core #blazer #anzug #sakko #hemd #distressed #avantgarde #punk #goth
#emo #opium #backlash #beautybeast
#undercover #sharesp #archive #archivefashion #grunge #gothic
#rave #techno #festival #ravewear #parachute
#nofaithstudios #vintage #archive #wideleg #schwarz #emo #cool #hose #jacke #gorpcore #oldmoney #leather #punk #rock thippie #leder #echt #neu #modern #authentisch #authentic
Verhandeln",https://www.vinted.fr/items/5978175342-vintage-beige-the-north-face-pulli,sweats,17.0,4.0,1.5369169213003153,0
"Carhartt WIP Clash Parka, black, S",Carhartt,40.0,4.0,2,4.7,15.0,Leichte Gebrauchsspuren wie auf den Bildern hoffentlich zu erkennen,https://www.vinted.fr/items/3952008393-carhartt-wip-clash-parka-black-s,manteaux,51.0,7.0,-0.6618354124250585,0
Carhartt,Carhartt,13.0,3.0,11,4.0,33.0,"Carhartt-Sweatshirt mit Rundhalsausschnitt und karierter Brusttasche.

Gr√∂√üe S (kann M passen):
	‚Ä¢ Lockere Passform, Oversize-Passform
	‚Ä¢ Die L√§nge des Produkts und die √Ñrmel erm√∂glichen eine bequeme Passform auch in Gr√∂√üe M.

Ausgestattet mit hochwertigem Material, elastischen B√ºndchen und bequemer Passform.",https://www.vinted.fr/items/5623001021-carhartt,sweats,25.0,6.0,-1.2275717773812103,0
Trui North face s,The North Face,6.0,4.0,10,4.7,32.0,"Kleur lijkt vaal, is t niet. Foto 2&3 komen t beste over qua kleur.",https://www.vinted.fr/items/5720455254-trui-north-face-s,sweats,17.0,4.0,-1.5940838259328476,1
Carhartt M√ºtze,Carhartt,7.0,3.0,2,5.0,683.0,Ein paarmal getragene M√ºtze.,https://www.vinted.fr/items/6000209176-carhartt-mutze,casquettes,15.0,5.0,-1.5684679032669957,0
The North face pullover gr M,The North Face,20.0,3.0,3,4.9,299.0,Herren pullover,https://www.vinted.fr/items/5869558230-the-north-face-pullover-gr-m,sweats,17.0,4.0,0.3117427158612516,0
Carhartt M√ºtze Beanie,Carhartt,10.0,,3,4.9,77.0,,https://www.vinted.fr/items/4589893349-carhartt-mutze-beanie,casquettes,15.0,5.0,-0.9643645682986828,0
Sweat The north face,The North Face,10.0,3.0,12,4.2,26.0,"Sweat The north face TNF
Parfait pour l‚Äôhiver ‚ùÑÔ∏èü•∂
üß∑Taille enfant L/G mais convient √† un XS ou S ajust√©
Lave üßº avant envoi 
Colis rapide üì¶",https://www.vinted.fr/items/5183677871-sweat-the-north-face,sweats,17.0,4.0,-1.0495619568488193,1
Carhartt Winterjacke braun,Carhartt,25.0,4.0,8,5.0,79.0,"Gut erhaltene dicke Jacke von Carhartt mit abnehmbarer Kapuze.
Einmal waschen  wg.Fleck(siehe letztes Foto), dann ist sie wie neu.",https://www.vinted.fr/items/4316574036-carhartt-winterjacke-braun,manteaux,51.0,7.0,-1.069991752676536,1
Carhartt Sweatshirt Herren Gr√∂√üe S,Carhartt,15.0,4.0,3,5.0,9.0,"guter Zustand, hellgrau meliert",https://www.vinted.fr/items/5676310207-carhartt-sweatshirt-herren-grosse-s,sweats,25.0,6.0,-1.0106235175888445,0
Carhartt burgundy parka,Carhartt,17.0,3.0,8,4.8,46.0,Sold as in the pictures.,https://www.vinted.fr/items/5905651005-carhartt-burgundy-parka,manteaux,51.0,7.0,-1.2876751341439907,1
Carhartt Pullover vintage Hoodie,Carhartt,17.0,3.0,13,4.9,71.0,"Gerne getragen, aber sehr gut erhalten üíô
Unisex
Sweaters

#vintage
#carharrt
#streetwear
#indie",https://www.vinted.fr/items/4847277627-carhartt-pullover-vintage-hoodie,sweats,25.0,6.0,-0.7936752577964786,1
M√ºtze Carhartt grau dunkelgrau,Carhartt,10.0,3.0,10,5.0,243.0,Dunkelgrau,https://www.vinted.fr/items/5639518035-mutze-carhartt-grau-dunkelgrau,casquettes,15.0,5.0,-0.9643645682986828,1
"Carhartt, Paccbet cap",Carhartt,22.0,3.0,13,5.0,28.0,,https://www.vinted.fr/items/5752614863-carhartt-paccbet-cap,casquettes,15.0,5.0,1.4520487715745691,0
graue M√ºtze,Carhartt,6.0,3.0,2,5.0,42.0,"Nicht oft getragen, sehr guter Zustand",https://www.vinted.fr/items/5945976140-graue-mutze,casquettes,15.0,5.0,-1.7698356815897667,0
Schlichter Carhartt Pullover,Carhartt,19.0,4.0,9,4.9,102.0,"‚Ä¢‚Å†  ‚Å†Zustand und Ma√üe: siehe Bilder.

‚Ä¢‚Å†  ‚Å†Bevorzugt per Paypal, √ºber das Vinted-System aber auch m√∂glich.

‚Ä¢‚Å†  ‚Å†Bei weiteren Fragen gerne melden üôÇ",https://www.vinted.fr/items/4870205485-schlichter-carhartt-pullover,sweats,25.0,6.0,-0.5767269980041129,1
Carhartt Wind Breacker gr√ºn M,Carhartt,25.0,3.0,8,4.2,16.0,"Das steht XS aber fittet wie eine M 


Guter Zustand 



Geiler fit üí™ 



Bei Fragen gerne melden",https://www.vinted.fr/items/5542089290-carhartt-wind-breacker-grun-m,manteaux,51.0,7.0,-1.069991752676536,0
Blauer Carhartt Pullover ,Carhartt,6.0,4.0,12,5.0,85.0,Graphic Sweater von Carhartt. Gr√∂√üe S. Au√üer dem Loch am √Ñrmel sonst super Zustand.,https://www.vinted.fr/items/4275437938-blauer-carhartt-pullover,sweats,25.0,6.0,-1.9868906866544904,1
Pullover Carhartt L,Carhartt,20.0,3.0,0,,,Gr√∂√üe L,https://www.vinted.fr/items/6019315022-pullover-carhartt-l,sweats,25.0,6.0,-0.46825286810793,0
Carhartt WIP Trapper Parka - Herren Winterjacke mit Kunstfell ,Carhartt,20.0,4.0,3,5.0,1.0,"-wasserabweisend 
-beschichtet 
-Nylon Taft Futter
-verstellbare Kapuze mit Teddyfutter und abnehmbarem Kunstfell
- Taille und Saum verstellbar 
-Sturm-Armb√ºndchen mit Rippstrick
- Ellenbogenschoner aus Cordura 

Zustand: Siehe Fotos",https://www.vinted.fr/items/4154650418-carhartt-wip-trapper-parka-herren-winterjacke-mit-kunstfell,manteaux,51.0,7.0,-1.2060438660936952,0
The North face Pullover schwarz ,The North Face,14.0,4.0,11,4.8,36.0,"Gut erhaltener schwarzer The north face pullover, Gr√∂sse S, keine M√§ngel",https://www.vinted.fr/items/2484309352-the-north-face-pullover-schwarz,sweats,17.0,4.0,-0.5050400877647909,1
Berretto,Carhartt,10.0,2.0,1,,,,https://www.vinted.fr/items/6006008335-berretto,casquettes,15.0,5.0,-0.9643645682986828,0
Longsleeve the northface,The North Face,5.0,3.0,7,4.9,176.0,Amper gedragen maat youth/junior,https://www.vinted.fr/items/5566554997-longsleeve-the-northface,sweats,17.0,4.0,-1.7302142932038547,1
Carhartt WIP Nimbus Pullover Anorak (Winter),Carhartt,40.0,,5,5.0,12.0,"Carhartt WIP Nimbus Pullover Anorak (Winter)

It‚Äôs winter version with fleece lining, there are few visible stains on the sleeve.

Size: M  

Shoulder: 49cm
Pit-pit: 57cm
Sleeve: 63cm
Length: 67cm

#carharttwip #winterjacket #anorak",https://www.vinted.fr/items/5910038504-carhartt-wip-nimbus-pullover-anorak-winter,manteaux,51.0,7.0,-0.6618354124250585,0
Pull The North Face,The North Face,13.0,3.0,8,1.0,1.0,"Taille correctement, port√© peu de fois.
Prix √† n√©gocier !",https://www.vinted.fr/items/4592673495-pull-the-north-face,sweats,17.0,4.0,-0.641170555035798,0
Carhartt Hoodie ,Carhartt,26.0,3.0,10,5.0,62.0,"kaum getragen, Gr√∂√üe S, Preis ist verhandelbar",https://www.vinted.fr/items/3788011660-carhartt-hoodie,sweats,25.0,6.0,0.18259191126916727,0
Sch√∂ner dunkel blauer Zipper von Carhartt,Carhartt,25.0,3.0,4,5.0,97.0,"Biete hier einen super sch√∂nen, gem√ºtlichen Zipper von Carhartt. Nur einmal getragen.
Gr√∂√üe S.

Materialmix aus 90% Baumwolle und 10%Spandex.

Bei Fragen gerne melden.",https://www.vinted.fr/items/4481368640-schoner-dunkel-blauer-zipper-von-carhartt,sweats,25.0,6.0,0.07411778137298439,0
Carhartt WIP Kilda Jacket,Carhartt,110.0,1.0,10,4.8,8.0,"Verkaufe diese Carhartt Jacke in Camel, perfekt f√ºr Winter und √úbergangszeit! üå®Ô∏èüçÇ
	‚Ä¢	Gr√∂√üe M (lockere Passform)
	‚Ä¢	Neu mit Etikett üè∑Ô∏è
	‚Ä¢	Verstellbare Kapuze üèïÔ∏è
	‚Ä¢	Mehrere praktische Taschen üî•
	‚Ä¢	Robustes und widerstandsf√§higes Material üí™

Trendiger Workwear-Style üíØüíº
üìç Schneller und sicherer Versand üì¶‚úâÔ∏è

Bei Fragen einfach melden! üòä",https://www.vinted.fr/items/5989867275-carhartt-wip-kilda-jacket,manteaux,51.0,7.0,1.2428941754151699,0
Casquette carhartt,Carhartt,15.0,2.0,15,1.0,1.0,,https://www.vinted.fr/items/5989004224-casquette-carhartt,casquettes,15.0,5.0,0.04247432331517214,0
Vintage Carhartt Jacke,Carhartt,35.0,3.0,11,5.0,197.0,"Gebraucht gekauft, paar mal getragen, aber sehr guter Zustand. Bei weiteren Fragen einfach melden :) fittet nicht wie M, eher L/XL",https://www.vinted.fr/items/5618455566-vintage-carhartt-jacke,manteaux,51.0,7.0,-0.7978875258422177,1
North Face Jumper,The North Face,22.99,3.0,9,4.9,48.0,Like new worn only a couple of times,https://www.vinted.fr/items/5944752623-north-face-jumper,sweats,17.0,4.0,0.7187728130015625,0
Carhartt Pulli,Carhartt,15.0,3.0,9,2.2,10.0,"Model ist 1,83 m auf 83 Kg",https://www.vinted.fr/items/1202451724-carhartt-pulli,sweats,25.0,6.0,-1.0106235175888445,0
Parka Damen M Carhartt,Carhartt,35.0,4.0,7,5.0,235.0,"Toller Parker wetterfest kuschliges Innenfell kann tailliert werden 
Bei einer Aussentasche l√∂st sich die Naht, kann einfach gen√§ht werden",https://www.vinted.fr/items/5713874189-parka-damen-m-carhartt,manteaux,51.0,7.0,-0.7978875258422177,0
Casquette Carhartt velours c√¥tel√©,Carhartt,24.0,3.0,6,,,,https://www.vinted.fr/items/6000404826-casquette-carhartt-velours-cotele,casquettes,15.0,5.0,1.854784328220111,0
Sweat The North face,The North Face,10.0,4.0,15,1.0,1.0,Juste petit d√©faut au manche,https://www.vinted.fr/items/2936075336-sweat-the-north-face,sweats,17.0,4.0,-1.0495619568488193,0
Carhartt Clarton Coat Jacke Schwarz Gr. L,Carhartt,88.0,3.0,4,5.0,112.0,"Verkaufe meine gef√ºtterte Carhartt ‚ÄûClarton‚Äú Jacke perfekt f√ºr die noch k√§lteren Tage 

Sie ist mir leider arg zu gro√ü geworden und noch mal reinpassen m√∂chte ich weniger 

Farbe Schwarz - keine Flecken oder L√∂cher - nur ein paar mal getragen",https://www.vinted.fr/items/6008801001-carhartt-clarton-coat-jacke-schwarz-gr-l,manteaux,51.0,7.0,0.6442648763796696,0
The North Face Jumper,The North Face,20.0,3.0,12,4.3,6.0,Grey north Face jumper only worn a few times,https://www.vinted.fr/items/5964506639-the-north-face-jumper,sweats,17.0,4.0,0.3117427158612516,0
Carhartt M√ºtze dunkelblau Strickm√ºtze,Carhartt,7.0,3.0,12,4.8,667.0,"Strickm√ºtze in dunkel, dunkelblau",https://www.vinted.fr/items/5880994311-carhartt-mutze-dunkelblau-strickmutze,casquettes,15.0,5.0,-1.5684679032669957,1
"Carhartt, M√ºtze, Khaki",Carhartt,8.0,3.0,12,4.8,204.0,Selten getragen,https://www.vinted.fr/items/5982032971-carhartt-mutze-khaki,casquettes,15.0,5.0,-1.3671001249442247,1
The North Face sweater,The North Face,20.0,3.0,1,5.0,2.0,"Nicht Raucher Haushalt 

Keine Haustiere 

Gr√∂√üe: M",https://www.vinted.fr/items/5994542428-the-north-face-sweater,sweats,17.0,4.0,0.3117427158612516,0
Pull the north face,The North Face,20.0,3.0,1,5.0,37.0,"Pull The North, Faith, en excellent √©tat taille S",https://www.vinted.fr/items/6006504448-pull-the-north-face,sweats,17.0,4.0,0.3117427158612516,0
Northface Pullover,The North Face,29.0,2.0,15,4.9,82.0,"Einmal getragen, hab ihn leider in der falschen Gr√∂√üe bestellt :( 
Bei Fragen gerne meldenü§ó

#tnf #thenorthface #sweater #t√ºrkis #vintage #vinted #streetwearstyle",https://www.vinted.fr/items/5087090422-northface-pullover,sweats,17.0,4.0,1.5369169213003153,0
Veste Carharrt WIP OG artic coat,Carhartt,129.0,1.0,3,4.7,86.0,"Carharrt WIP OG artic coat
Carharrt WIP OG artic coat doubl√©
Neuf avec √©tiquette 
valeur magasin carharrt : 279euros 
D'autre taille et coloris disponible en boutique 

#carhartt #wip #ogstyle #skate #workwear #usa #vintage",https://www.vinted.fr/items/5952409237-veste-carharrt-wip-og-artic-coat,manteaux,51.0,7.0,1.7598922064003748,0
The North Face Hoodie Gr M wie neu,The North Face,13.0,3.0,7,4.8,171.0,"Nur 1-2 mal getragen 
Aus den USA",https://www.vinted.fr/items/5334140713-the-north-face-hoodie-gr-m-wie-neu,sweats,17.0,4.0,-0.641170555035798,1
Carhartt Pulli weinrot S,Carhartt,14.0,3.0,5,5.0,297.0,"Carhartt Pulli in weinrot
Gr. S",https://www.vinted.fr/items/2001758011-carhartt-pulli-weinrot-s,sweats,25.0,6.0,-1.1190976474850274,0
The North Face sweater,The North Face,10.0,3.0,1,,,Great condition barely worn.,https://www.vinted.fr/items/6003337845-the-north-face-sweater,sweats,17.0,4.0,-1.0495619568488193,0
Carhartt Crewneck,Carhartt,12.0,4.0,0,4.8,170.0,,https://www.vinted.fr/items/4343418954-carhartt-crewneck,sweats,25.0,6.0,-1.3360459072773931,0
Carhartt Sweater,Carhartt,18.0,4.0,5,5.0,97.0,"hat am R√ºcken einen kleinen Fleck, der leider nicht mehr rauszuwaschen geht, aber sonst top Zustand und f√§llt nicht weiter auf",https://www.vinted.fr/items/5730824675-carhartt-sweater,sweats,25.0,6.0,-0.6852011279002957,0
Pull Carhartt,Carhartt,15.0,3.0,18,4.2,580.0,Bon √©tat global,https://www.vinted.fr/items/6016383245-pull-carhartt,sweats,25.0,6.0,-1.0106235175888445,1
Carharrt Wind Jacket / Gr√∂√üe M,Carhartt,70.0,2.0,4,4.9,62.0,Komplett Neu und ungetragen !,https://www.vinted.fr/items/2518692122-carharrt-wind-jacket-grosse-m,manteaux,51.0,7.0,0.15447726807789652,0
Carhartt Sweatshirt,Carhartt,40.0,3.0,3,5.0,2.0,Nur wenige male getragen und im super Zustand. Die Waschung auf der R√ºckseite ist teil des Designs und sind keine Flecken,https://www.vinted.fr/items/6008047883-carhartt-sweatshirt,sweats,25.0,6.0,1.7012297298157275,0
Carhartt caps,Carhartt,20.0,3.0,17,5.0,4.0,Vintage,https://www.vinted.fr/items/5994107720-carhartt-caps,casquettes,15.0,5.0,1.0493132149290272,0
Carhatt M√ºtze,Carhartt,15.0,2.0,8,5.0,104.0,,https://www.vinted.fr/items/4111313099-carhatt-mutze,casquettes,15.0,5.0,0.04247432331517214,0
Bob velours Carhartt,Carhartt,20.0,2.0,8,4.4,7.0,,https://www.vinted.fr/items/5988997999-bob-velours-carhartt,casquettes,15.0,5.0,1.0493132149290272,0
Carhartt Zipper Grau/Blau Gr√∂√üe XS,Carhartt,27.0,3.0,6,5.0,23.0,"Sehr guter Zustand, Gr√∂√üe wie angegeben

Bei Fragen gerne melden:)






#y2k #y2kstyle #y2kaesthetic #y2kfashion #vintage #vintagestyle #vintagelook #carhartt #sweater #skaterstyle #skateboard #dickies #carharttvintage #carharttworkwear",https://www.vinted.fr/items/5439848066-carhartt-zipper-graublau-grosse-xs,sweats,25.0,6.0,0.2910660411653502,0
Fleece pullover black,The North Face,30.0,1.0,12,4.9,236.0,New with tags.,https://www.vinted.fr/items/6025164010-fleece-pullover-black,sweats,17.0,4.0,1.6730473885713224,0
Carhartt pet,Carhartt,15.0,2.0,9,,,,https://www.vinted.fr/items/5997633711-carhartt-pet,casquettes,15.0,5.0,0.04247432331517214,0
The North Face Hoodie ,The North Face,20.0,3.0,8,4.2,20.0,"Verkaufe nicht √ºber das System


Schaut doch gerne mal in meinem
Kleiderschrank vorbei


#boxcut #italienischemode
#musselin #festival #festivalstyle
#sommer #vintage #boho #hippie #fall
#winter #herbst #twopiece#dropshoulder#oversized",https://www.vinted.fr/items/2194069196-the-north-face-hoodie,sweats,17.0,4.0,0.3117427158612516,0
North Face XXL,The North Face,10.0,4.0,15,4.8,25.0,"Pullover komplett schwarz eingef√§rbt, und danach wurde er nicht mehr getragen. Ist aber auch nicht mehr der neuste.",https://www.vinted.fr/items/5984029659-north-face-xxl,sweats,17.0,4.0,-1.0495619568488193,1
 Sweat pour gar√ßon,The North Face,10.0,3.0,10,4.9,76.0,"Sweat pour gar√ßon , tr√®s bon √©tat couleur bleu nuit et rouge tail LG  entre le L et M comme taille",https://www.vinted.fr/items/2360340625-sweat-pour-garcon,sweats,17.0,4.0,-1.0495619568488193,1
Carhartt Pullover,Carhartt,15.0,3.0,9,4.8,77.0,"Pulli ist in gutem Zustand.
Hab ihn gerne getragen ist mir allerdings mittlerweile zu klein.",https://www.vinted.fr/items/5371035841-carhartt-pullover,sweats,25.0,6.0,-1.0106235175888445,1
Senffarbener The North Face Sweater Gr√∂√üe M,The North Face,30.0,3.0,10,5.0,2.0,"Ich verkaufe meinen selten getragenen senffarbenen Sweater der Marke The North Face. Ich habe ihn in Gr√∂√üe M bestellt und er passt mir mit 1,82m sehr gut, allerdings bevorzuge ich einen oversized fit, daher trenne ich mich nun von dem Sweater. Bei Fragen gerne schreiben. 
Da es sich um einen Privatverkauf handelt √ºbernehme ich keine Garantie und ein Umtausch ist ausgeschlossen. Gekauft wie gesehen!",https://www.vinted.fr/items/938082311-senffarbener-the-north-face-sweater-grosse-m,sweats,17.0,4.0,1.6730473885713224,0
Carhartt - WIP - Parker Herren,Carhartt,50.0,,6,5.0,11.0,Gr√∂√üe: M,https://www.vinted.fr/items/5752930891-carhartt-wip-parker-herren,manteaux,51.0,7.0,-0.38973118559074016,0
Cuffia,Carhartt,5.0,3.0,0,5.0,17.0,,https://www.vinted.fr/items/6005849024-cuffia,casquettes,15.0,5.0,-1.9712034599125379,0
Carhartt Trapper Parka,Carhartt,25.0,4.0,6,4.9,40.0,Hi ich verkaufe diesen sch√∂nem warmen Carhartt Parka.,https://www.vinted.fr/items/4661164807-carhartt-trapper-parka,manteaux,51.0,7.0,-1.069991752676536,0
Carhartt Parka ,Carhartt,20.0,,7,5.0,8.0,Super Winter Parka in Gr√∂√üe S von Carhartt Gebrauchtspuren an den √Ñrmeln,https://www.vinted.fr/items/2459102224-carhartt-parka,manteaux,51.0,7.0,-1.2060438660936952,0
Carhartt Cap Babyblau,Carhartt,12.0,3.0,6,5.0,135.0,"Fleck vorne auf dem Schirm, wobei ich die Cap nie getragen habe.",https://www.vinted.fr/items/5990738597-carhartt-cap-babyblau,casquettes,15.0,5.0,-0.5616290116531408,1
Carhartt M√ºtze Winterm√ºtze Beanie Neu,Carhartt,17.0,1.0,13,5.0,258.0,,https://www.vinted.fr/items/5752694043-carhartt-mutze-wintermutze-beanie-neu,casquettes,15.0,5.0,0.44520987996071415,0
"Carharrt Wollm√ºtze, Beanie, M√ºtze, unisex",Carhartt,10.0,3.0,15,5.0,27.0,"Die M√ºtze ist in einem guten Zustand, hat keine M√§ngel oder Sch√§den.",https://www.vinted.fr/items/5717289792-carharrt-wollmutze-beanie-mutze-unisex,casquettes,15.0,5.0,-0.9643645682986828,1
Pull bleu gris Carhartt,Carhartt,10.0,3.0,19,5.0,262.0,"Pull Carhartt 
Couleur bleu chin√© 
Taille L

En tr√®s bon √©tat",https://www.vinted.fr/items/6025815160-pull-bleu-gris-carhartt,sweats,25.0,6.0,-1.552994167069759,1
Gorra Carhartt azul,Carhartt,15.0,3.0,3,4.9,95.0,,https://www.vinted.fr/items/6030968650-gorra-carhartt-azul,casquettes,15.0,5.0,0.04247432331517214,0
Pull  polaire the north face,The North Face,5.0,,3,5.0,5.0,Pull polaire the north face taille XL homme 2 tache et recousu voir photo,https://www.vinted.fr/items/5996732702-pull-polaire-the-north-face,sweats,17.0,4.0,-1.7302142932038547,0
The North Face Pullover,The North Face,15.0,3.0,8,5.0,32.0,"The North Face Longsleeve, 100% Baumwolle",https://www.vinted.fr/items/846300171-the-north-face-pullover,sweats,17.0,4.0,-0.36890962049378384,0
Carhartt longsleeve,Carhartt,39.0,2.0,16,,,Ich habe den Artikel nie getragen und will ihn daher jetzt verkaufen.,https://www.vinted.fr/items/3824045162-carhartt-longsleeve,sweats,25.0,6.0,1.5927555999195446,0
maglione the north face,The North Face,15.0,3.0,1,4.5,4.0,indossato poche volte,https://www.vinted.fr/items/6013715923-maglione-the-north-face,sweats,17.0,4.0,-0.36890962049378384,0
"Hoodie, The North Face, Gr S",The North Face,8.0,4.0,1,5.0,22.0,"Hoodie von The North Face
Gr S
Braun
Gerne getragen, leider zu klein
Leichte Abnutzungen an den √Ñrmeln. ( siehe Fotos)

Kein Versand per UPS
Paypal Freunde oder Direktkauf

Privatverkauf, keine Garantie oder R√ºcknahme",https://www.vinted.fr/items/5022172526-hoodie-the-north-face-gr-s,sweats,17.0,4.0,-1.3218228913908334,0
North Face Pulli in grau,The North Face,10.0,4.0,5,5.0,178.0,"Leichtes Pilling und 2 kleine Flecken √ºber der Tasche (kaum sichtbar). 
Sonst in einem guten getragenen Zustand.",https://www.vinted.fr/items/4357932841-north-face-pulli-in-grau,sweats,17.0,4.0,-1.0495619568488193,1
Carhartt Longsleeve,Carhartt,15.0,4.0,8,,,Gr√∂√üe wie angegeben - Guter Zustand,https://www.vinted.fr/items/4489169535-carhartt-longsleeve,sweats,25.0,6.0,-1.0106235175888445,0
Carhartt Hoodie,Carhartt,35.0,4.0,3,5.0,37.0,"Carhartt Hoodie, Zustand wie auf den Bildern :)",https://www.vinted.fr/items/5682398001-carhartt-hoodie,sweats,25.0,6.0,1.158859080334813,0
The North Face Quarter Zip Sweat Shirt Gesticktes Logo (XXL),The North Face,34.0,3.0,0,4.9,683.0,"BEZAHLUNG √úBER SYSTEM, PAYPAL UND √úBERWEISUNG M√ñGLICH.

Farbe: Blau
Gr√∂√üe: XXL
Zustand: 9/10
Keine M√§ngel
Extras:
Abmessung:

L√§nge: 78cm
Achsel zu Achsel: 65cm",https://www.vinted.fr/items/5927455622-the-north-face-quarter-zip-sweat-shirt-gesticktes-logo-xxl,sweats,17.0,4.0,2.2175692576553505,0
pullover the north face,The North Face,14.0,3.0,5,5.0,21.0,pullover the north face taglia M in perfette condizioni,https://www.vinted.fr/items/6005762151-pullover-the-north-face,sweats,17.0,4.0,-0.5050400877647909,1
Schwarzes The North Face Sweater,The North Face,10.0,3.0,7,5.0,10.0,Schwarzes Sweatshirt mit Seitentasche am linken √Ñrmel und versteckten Bauchaschen.,https://www.vinted.fr/items/5972133603-schwarzes-the-north-face-sweater,sweats,17.0,4.0,-1.0495619568488193,0
The North Face Sweater Herren L,The North Face,30.0,3.0,8,5.0,363.0,"Marke: The North Face
Produkt: Sweatshirt f√ºr Herren
Produktnummer: NF0A89EV
Print: kleines Box Log auf der Brust
Farbe: hellgrau 
Gr√∂√üe: L
Material: Baumwolle / Polyester

#thenorthface #tnf #sweatshirt #grey #boxlogo",https://www.vinted.fr/items/5986025465-the-north-face-sweater-herren-l,sweats,17.0,4.0,1.6730473885713224,0
Pull The North Face,The North Face,10.0,2.0,6,4.6,55.0,"üëï Pull The North Face 
üìè XS
üí∂ 10‚Ç¨ 

Utiliser 2-3x max
L‚Äôarticle sera lav√© avant l‚ÄôenvoieüòÄ",https://www.vinted.fr/items/5640889547-pull-the-north-face,sweats,17.0,4.0,-1.0495619568488193,1
Grauer Carhartt Sweater M,Carhartt,15.0,4.0,2,4.9,46.0,Gut getragen.,https://www.vinted.fr/items/5834019302-grauer-carhartt-sweater-m,sweats,25.0,6.0,-1.0106235175888445,0
Carhartt Pullover,Carhartt,15.0,3.0,9,4.8,77.0,"Pulli ist in gutem Zustand.
Hab ihn gerne getragen ist mir allerdings mittlerweile zu klein.",https://www.vinted.fr/items/5371035841-carhartt-pullover,sweats,25.0,6.0,-1.0106235175888445,1
Dunkelblaue Carhartt M√ºtze,Carhartt,8.0,4.0,0,5.0,1321.0,,https://www.vinted.fr/items/5724027198-dunkelblaue-carhartt-mutze,casquettes,15.0,5.0,-1.3671001249442247,0
Sweat carhartt vintage,Carhartt,15.0,3.0,1,4.8,96.0,"Sweat carhartt vintage tr√®s peux port√©. 
Taille L",https://www.vinted.fr/items/6028671322-sweat-carhartt-vintage,sweats,25.0,6.0,-1.0106235175888445,0
Carhartt Pullover,Carhartt,27.0,3.0,5,5.0,7.0,"Gr√∂√üe L, f√§llt bedeutend kleiner aus, maximal S",https://www.vinted.fr/items/5735817219-carhartt-pullover,sweats,25.0,6.0,0.2910660411653502,0
Pull The North Face,The North Face,12.0,3.0,6,4.6,49.0,"Tr√®s bonne √©tat 
Taille M",https://www.vinted.fr/items/5529785906-pull-the-north-face,sweats,17.0,4.0,-0.7773010223068051,1
Schwarzer Carhartt Parka ,Carhartt,30.0,,7,5.0,2.0,"Verkaufe meinen schwarzen Carhartt Parka, er ist bereits gebraucht. Auf Anfrage weitere Bilder.",https://www.vinted.fr/items/4089604908-schwarzer-carhartt-parka,manteaux,51.0,7.0,-0.9339396392593768,0
cuffia Carhartt,Carhartt,8.0,3.0,7,5.0,2.0,,https://www.vinted.fr/items/6008360789-cuffia-carhartt,casquettes,15.0,5.0,-1.3671001249442247,0
Carhartt Cap Babyblau,Carhartt,12.0,3.0,6,5.0,135.0,"Fleck vorne auf dem Schirm, wobei ich die Cap nie getragen habe.",https://www.vinted.fr/items/5990738597-carhartt-cap-babyblau,casquettes,15.0,5.0,-0.5616290116531408,1
Carhartt Knit Visor NEU,Carhartt,10.0,1.0,19,5.0,603.0,"Ungetragen mit Etikett 

#visor",https://www.vinted.fr/items/5615739837-carhartt-knit-visor-neu,casquettes,15.0,5.0,-0.9643645682986828,0
Carhartt Hickman Parka navy,Carhartt,30.0,4.0,12,5.0,59.0,Getragen aber guter Zustand,https://www.vinted.fr/items/4108921499-carhartt-hickman-parka-navy,manteaux,51.0,7.0,-0.9339396392593768,1
Carhartt Pullover,Carhartt,12.0,,2,4.9,36.0,Der Pullover wurde nur selten getragen und hat nur kleine Abnutzungen vom Waschen an der Schrift und ein kleines Loch unterhalb der Schrift.,https://www.vinted.fr/items/5358180585-carhartt-pullover,sweats,25.0,6.0,-1.3360459072773931,0
Carhartt |¬†Lookout Hat,Carhartt,12.0,3.0,0,4.9,66.0,,https://www.vinted.fr/items/5670085174-carhartt-lookout-hat,casquettes,15.0,5.0,-0.5616290116531408,0
Pull The North Face,The North Face,10.0,4.0,11,4.4,92.0,"Pull The North Face Beige
Taille M
Avec des toutes petites taches √† l‚Äôarri√®re et une sur la manche. Il est s√ªrement possible de les faire partir.",https://www.vinted.fr/items/5669527742-pull-the-north-face,sweats,17.0,4.0,-1.0495619568488193,1
Carhartt Regenjacke,Carhartt,30.0,3.0,10,5.0,41.0,"Privatverkauf, daher keine Garantie oder R√ºcknahme 

Bezahlung per Paypal 

Versandkosten nach Absprache",https://www.vinted.fr/items/3766777885-carhartt-regenjacke,manteaux,51.0,7.0,-0.9339396392593768,1
Blaue carhartt cap,Carhartt,10.0,4.0,17,5.0,2.0,Ein wenig getragen mir einem Fleck aber sonst gut,https://www.vinted.fr/items/6025950689-blaue-carhartt-cap,casquettes,15.0,5.0,-0.9643645682986828,0
Sweat capuche The North Face vert canard ,The North Face,12.0,3.0,8,4.9,39.0,"Bon √©tat, seul les galons de la capuche sont effiloch√©s.",https://www.vinted.fr/items/3774859872-sweat-capuche-the-north-face-vert-canard,sweats,17.0,4.0,-0.7773010223068051,1
Pull North face homme,The North Face,12.0,3.0,7,4.9,449.0,"Tr√®s peu port√©.
‚ö†Ô∏è Mais couleur moins vive qu'√† l'achat ‚ö†Ô∏è",https://www.vinted.fr/items/6034298211-pull-north-face-homme,sweats,17.0,4.0,-0.7773010223068051,1
M√ºtze,Carhartt,6.0,4.0,6,4.8,33.0,"Selten getragen, Farbe ein dunkelrot orange",https://www.vinted.fr/items/5835508271-mutze,casquettes,15.0,5.0,-1.7698356815897667,1
Parka Carhartt,Carhartt,45.0,3.0,13,5.0,73.0,"Selten getragener Parka von Carharrt ‚ÄûMosley Jacket‚Äú, Gr√∂√üe M, dunkelblau.",https://www.vinted.fr/items/5093228943-parka-carhartt,manteaux,51.0,7.0,-0.5257832990078993,1
polaire th√© north face,The North Face,15.0,3.0,9,4.3,31.0,tr√®s bon √©tat,https://www.vinted.fr/items/5796147603-polaire-the-north-face,sweats,17.0,4.0,-0.36890962049378384,0
Pull Carhartt,Carhartt,15.0,3.0,18,4.2,580.0,Bon √©tat global,https://www.vinted.fr/items/6016383245-pull-carhartt,sweats,25.0,6.0,-1.0106235175888445,1
The North Face Pullover/Gr√∂√üe:S,The North Face,4.0,4.0,6,5.0,3.0,Ein sehr sch√∂ner und bequemer Pullover.,https://www.vinted.fr/items/5946523171-the-north-face-pullovergrosses,sweats,17.0,4.0,-1.8663447604748618,0
Blaue Carhartt Winterjacke,Carhartt,30.0,4.0,5,,,,https://www.vinted.fr/items/4245380582-blaue-carhartt-winterjacke,manteaux,51.0,7.0,-0.9339396392593768,0
blauer Hoodie von The Northface,The North Face,12.0,4.0,1,,,"Intakt. leicht verwaschen.


Privatverkauf, keine Garantie oder Gew√§hrleistung. Keine R√ºcknahme. Nur Paypal. Versand tr√§gt K√§ufer:in.",https://www.vinted.fr/items/4819658178-blauer-hoodie-von-the-northface,sweats,17.0,4.0,-0.7773010223068051,0
The North Face Pullover,The North Face,15.0,3.0,9,4.8,86.0,"Ist in einem super Zustand.   
Bei Fragen gerne melden.",https://www.vinted.fr/items/5534277557-the-north-face-pullover,sweats,17.0,4.0,-0.36890962049378384,0
Pull the north face,The North Face,15.0,3.0,2,5.0,22.0,Tr√®s bon √©tat porter quelque fois,https://www.vinted.fr/items/5991508040-pull-the-north-face,sweats,17.0,4.0,-0.36890962049378384,0
sweat the north face,The North Face,10.0,4.0,13,4.6,131.0,Sweat √† capuche homme The North Face,https://www.vinted.fr/items/5958275057-sweat-the-north-face,sweats,17.0,4.0,-1.0495619568488193,1
M√ºtze Carhartt,Carhartt,11.0,2.0,4,5.0,526.0,,https://www.vinted.fr/items/5701497987-mutze-carhartt,casquettes,15.0,5.0,-0.7629967899759118,0
Carhartt Cap (wie neu),Carhartt,19.0,2.0,9,5.0,16.0,,https://www.vinted.fr/items/5354130863-carhartt-cap-wie-neu,casquettes,15.0,5.0,0.8479454366062561,0
Carhartt WP American Script Sweatshirt Gr. M braun Pullover,Carhartt,38.0,3.0,5,5.0,319.0,"Schlichter Carhartt Sweater mit dem kleinem Schriftzug auf der Brust.

Carhartt American Script

Gr√∂√üe: m
Farbe: braun
Guter/ sehr guter Zustand

Versand gegen Aufpreis m√∂glich

-Der Verkauf erfolgt unter Ausschluss jeglicher Sachm√§ngelhaftung",https://www.vinted.fr/items/5979365993-carhartt-wp-american-script-sweatshirt-gr-m-braun-pullover,sweats,25.0,6.0,1.4842814700233617,0
Carhartt Sweater M,Carhartt,40.0,4.0,1,5.0,284.0,"Ich verkaufe meinen sehr sch√∂nen Carhartt Sweater in der Gr√∂√üe M. 
Er befindet sich in einem guten getragenem Zustand.",https://www.vinted.fr/items/6024469638-carhartt-sweater-m,sweats,25.0,6.0,1.7012297298157275,0
Heren capuchon,The North Face,25.0,3.0,0,4.9,173.0,Amper gedragen,https://www.vinted.fr/items/6012432114-heren-capuchon,sweats,17.0,4.0,0.992395052216287,0
Carhartt Pullover,Carhartt,15.0,3.0,4,5.0,18.0,L√§ssiger Pullover im angesagten Fit :) ist ein dicker angenehmer stoff,https://www.vinted.fr/items/3829471726-carhartt-pullover,sweats,25.0,6.0,-1.0106235175888445,0
Schwarzer Sweater - Carhartt,Carhartt,19.0,3.0,8,4.6,21.0,Wenig getragen,https://www.vinted.fr/items/1683251239-schwarzer-sweater-carhartt,sweats,25.0,6.0,-0.5767269980041129,1
Bon√© Carhartt,Carhartt,15.0,3.0,3,5.0,44.0,,https://www.vinted.fr/items/6032424835-bone-carhartt,casquettes,15.0,5.0,0.04247432331517214,0
Carhartt Cap mit Social Anxiety Patch,Carhartt,13.0,4.0,4,5.0,93.0,"Verkaufe diese getragene Carhartt Cap. Habe selbst den bunten ‚ÄûSocial Anxiety‚Äú Patch aufgen√§ht, aber das Ding ist mir leider doch einfach zu eng.
Gr√∂√üe wohl zwischen XS und S",https://www.vinted.fr/items/5999994928-carhartt-cap-mit-social-anxiety-patch,casquettes,15.0,5.0,-0.36026123333036986,0
The North Face Sweater,The North Face,10.0,4.0,5,5.0,88.0,- M√§ngel aus den Bildern zu entnehmen,https://www.vinted.fr/items/5153102772-the-north-face-sweater,sweats,17.0,4.0,-1.0495619568488193,1
Sweat √† capuche,The North Face,10.0,3.0,13,4.5,152.0,Port√© quelques fois,https://www.vinted.fr/items/5956443783-sweat-a-capuche,sweats,17.0,4.0,-1.0495619568488193,1
Casquette carhartt violet,Carhartt,12.0,4.0,10,5.0,25.0,,https://www.vinted.fr/items/6009954978-casquette-carhartt-violet,casquettes,15.0,5.0,-0.5616290116531408,1
North Face Pullover,The North Face,24.0,3.0,10,4.6,9.0,"guter Zustandüëç
#northface
#northfacewinter
#northfacejumper 
#northfacepullover 
#northfaceblue 
#blogger
#fashionblogger
#vintageblogger
#vintagestyle
#vinted
#cool
#m√§nner
#jungs",https://www.vinted.fr/items/1361052946-north-face-pullover,sweats,17.0,4.0,0.8562645849452799,0
Patta Carhartt Pullover M,Carhartt,15.0,4.0,7,5.0,733.0,Siehe letztes Bild: Fleck vorhanden,https://www.vinted.fr/items/5553701806-patta-carhartt-pullover-m,sweats,25.0,6.0,-1.0106235175888445,1
Sweat The North Face kaki,The North Face,15.0,3.0,10,4.7,27.0,"Taille S
Sweat √† capuche kaki the North Face
Port√© plusieurs fois 
Bon √©tat",https://www.vinted.fr/items/5937910763-sweat-the-north-face-kaki,sweats,17.0,4.0,-0.36890962049378384,0
Grauer carhartt sweater,Carhartt,30.0,3.0,14,5.0,17.0,"‚Ä¢Guter Zustand 
‚Ä¢Keine Gebrauchsspuren 
‚Ä¢cool",https://www.vinted.fr/items/3608271023-grauer-carhartt-sweater,sweats,25.0,6.0,0.6164884308538988,0
Sweat the north face,The North Face,15.0,3.0,2,4.7,40.0,Tr√®s bon √©tat,https://www.vinted.fr/items/6021910849-sweat-the-north-face,sweats,17.0,4.0,-0.36890962049378384,0
Sweater The North Face,The North Face,10.0,4.0,5,4.9,27.0,"Leuke sweater, prima voor tweede ronde",https://www.vinted.fr/items/5965225482-sweater-the-north-face,sweats,17.0,4.0,-1.0495619568488193,1
Pull the North Face,The North Face,20.0,3.0,5,,,"Pull beige, porter quelques fois taille S",https://www.vinted.fr/items/6021126627-pull-the-north-face,sweats,17.0,4.0,0.3117427158612516,0
Langarmshirt Carhartt Navy Gr.L,Carhartt,6.0,4.0,11,5.0,1594.0,"Gern getragen 
Kein Mangel, au√üer das Logo ist verwaschen 
Fragen gern fragen. 
Versand 2,55‚Ç¨ B√º Wa",https://www.vinted.fr/items/5611180030-langarmshirt-carhartt-navy-grl,sweats,25.0,6.0,-1.9868906866544904,1
Carhartt Jacke ,Carhartt,50.0,3.0,4,,,"hallo! 
verkaufe hier meine Carhartt Winterjacke in Gr√∂√üe S. gut erhalten. 

NP 239‚Ç¨.",https://www.vinted.fr/items/882040482-carhartt-jacke,manteaux,51.0,7.0,-0.38973118559074016,0
Carharrt Longssleeve / Pullover,Carhartt,10.0,2.0,26,4.9,37.0,,https://www.vinted.fr/items/5400265897-carharrt-longssleeve-pullover,sweats,25.0,6.0,-1.552994167069759,1
Carhartt WIP Kilda Jacket,Carhartt,110.0,1.0,10,4.8,8.0,"Verkaufe diese Carhartt Jacke in Camel, perfekt f√ºr Winter und √úbergangszeit! üå®Ô∏èüçÇ
	‚Ä¢	Gr√∂√üe M (lockere Passform)
	‚Ä¢	Neu mit Etikett üè∑Ô∏è
	‚Ä¢	Verstellbare Kapuze üèïÔ∏è
	‚Ä¢	Mehrere praktische Taschen üî•
	‚Ä¢	Robustes und widerstandsf√§higes Material üí™

Trendiger Workwear-Style üíØüíº
üìç Schneller und sicherer Versand üì¶‚úâÔ∏è

Bei Fragen einfach melden! üòä",https://www.vinted.fr/items/5989867275-carhartt-wip-kilda-jacket,manteaux,51.0,7.0,1.2428941754151699,0
Carhartt Winterjacke L schwarz Parker,Carhartt,45.0,3.0,12,4.9,71.0,"Tolle Winterjacke/ Parker von Carhartt. Sehr guter Zustand, keine L√∂cher oder M√§ngel.",https://www.vinted.fr/items/5547751584-carhartt-winterjacke-l-schwarz-parker,manteaux,51.0,7.0,-0.5257832990078993,1
Schwarzer North Face Pullover,The North Face,15.0,3.0,3,5.0,8.0,"Schwarzer Pulli, ohne Kapuze, sehr guter Zustand",https://www.vinted.fr/items/5818761587-schwarzer-north-face-pullover,sweats,17.0,4.0,-0.36890962049378384,0
Carhartt langarmshirt ,Carhartt,30.0,3.0,11,,,"langarmshirt von carhartt, maximal 3 mal getragen",https://www.vinted.fr/items/1456542251-carhartt-langarmshirt,sweats,25.0,6.0,0.6164884308538988,0
Carhartt Winterjacke in XS,Carhartt,30.0,4.0,7,5.0,2.0,Unisex Winterjacke. Einen Winter lange getragen. Viele Taschen und sehr warm.,https://www.vinted.fr/items/5152449779-carhartt-winterjacke-in-xs,manteaux,51.0,7.0,-0.9339396392593768,0
Sweatshirt oversize the North face,The North Face,25.0,3.0,13,5.0,40.0,Sweatshirt the North face  oversize en tr√®s bon √©tat taille M,https://www.vinted.fr/items/6010719391-sweatshirt-oversize-the-north-face,sweats,17.0,4.0,0.992395052216287,0
Casquette Carhartt peu port√©e,Carhartt,10.0,3.0,13,4.9,76.0,,https://www.vinted.fr/items/6018215247-casquette-carhartt-peu-portee,casquettes,15.0,5.0,-0.9643645682986828,1
Oversized Carhartt sweater,Carhartt,25.0,3.0,5,4.6,31.0,"Carhartt sweater 
Sehr guter Zustand",https://www.vinted.fr/items/6000583008-oversized-carhartt-sweater,sweats,25.0,6.0,0.07411778137298439,0
W‚ÄòKipnuk Jacket,Carhartt,14.0,4.0,8,4.9,35.0,"schwarze √úbergangsjacke gef√ºttert, mit Reisverschluss und zus√§tzlichen Druckkn√∂pfen, mit einem kleinen Riss am rechten √Ñrmel",https://www.vinted.fr/items/5788017455-wkipnuk-jacket,manteaux,51.0,7.0,-1.3693064021942862,1
Carhartt Battle Parka,Carhartt,20.0,4.0,5,5.0,7.0,Verkaufe schwarzen Carhartt Battle Parker Gr√∂√üe S in gutem Zustand. Bei Fragen gerne melden :),https://www.vinted.fr/items/5565403520-carhartt-battle-parka,manteaux,51.0,7.0,-1.2060438660936952,0
Sweat the north face,The North Face,5.0,4.0,11,4.8,55.0,"Sweat the north face en bon √©tat g√©n√©ral mais une d√©coloration au niveau de la capuche , voir photo 3  .",https://www.vinted.fr/items/5600420294-sweat-the-north-face,sweats,17.0,4.0,-1.7302142932038547,1
The North Face Sweater - Gr√∂√üe M - Marinenblau,The North Face,25.0,4.0,7,,,Der Artikel wurde einige Male getragen befindet sich dennoch in einem guten Zustand.,https://www.vinted.fr/items/2238913498-the-north-face-sweater-grosse-m-marinenblau,sweats,17.0,4.0,0.992395052216287,0
Carhartt Parker,Carhartt,20.0,4.0,3,5.0,78.0,"Es sind Gebrauchsspuren sichtbar.
An den Taschen und √Ñrmeln (siehe Fotos)",https://www.vinted.fr/items/5877349930-carhartt-parker,manteaux,51.0,7.0,-1.2060438660936952,0
